推: 8,噓: 1,分數: 7,作者: kinve1014 (黑松可樂),標題: [問卦] 不給貓貓睡覺會怎樣？,時間: Sat Nov 23 20:05:34 2024
推: 3,噓: 0,分數: 3,作者: amoyui (clom),標題: [問卦] 其實孟婆湯很有必要吧？,時間: Sun Nov 24 02:26:51 2024
推: 41,噓: 6,分數: 35,作者: zzzzzzzzzzzy (壞兒瓦西里),標題: [問卦] 日本人是不是無法接受換投罰錢的行為？,時間: Sun Nov 24 02:39:14 2024
推: 21,噓: 2,分數: 19,作者: lotudi (0.0),標題: [問卦] Netflix這半年有上什麼好看的電影嗎？,時間: Sat Nov 23 21:23:39 2024
推: 22,噓: 25,分數: -3,作者: hito0509 (永不放棄！！),標題: [新聞] 祭祀沉沒日艦145官兵亡魂！高雄紅毛港保,時間: Sat Nov 23 21:57:22 2024
推: 4,噓: 1,分數: 3,作者: emperor (派蘿派蘿得第一),標題: [問卦] 胸部上有痣會煞風景嗎?,時間: Sat Nov 23 23:31:10 2024
推: 13,噓: 4,分數: 9,作者: TCG0227 (霖澤館八兩金),標題: [問卦] 贏日本會台日不友好嗎？,時間: Sat Nov 23 20:42:33 2024
推: 0,噓: 0,分數: 0,作者: ggjenderinin (夕陽下的輸精計畫),標題: [爆卦] 金融業謝宜容 at 馬戲團金控,時間: Sun Nov 24 09:42:31 2024
推: 11,噓: 12,分數: -1,作者: jokeppt (就可披披踢),標題: [問卦] 奥術的吉茵珂絲是真的死了嗎,時間: Sat Nov 23 19:54:41 2024
推: 9,噓: 5,分數: 4,作者: rs23234 (.),標題: [問卦] 為何1勝3敗還能拿亞軍銀牌 ？,時間: Sat Nov 23 21:53:27 2024
推: 30,噓: 93,分數: -63,作者: Player02 (玩家02),標題: [爆卦] 賴清德Threads發文,時間: Sat Nov 23 21:35:27 2024
推: 13,噓: 4,分數: 9,作者: Scorpio (批踢踢 命理、預言師 ),標題: [新聞] 硬凹遺體「不蓋白布」坐輪椅！命理師警告,時間: Sat Nov 23 21:36:50 2024
推: 4,噓: 0,分數: 4,作者: SongLa5566 (大四叉),標題: [問卦] 一日迷以為結束了,時間: Sat Nov 23 21:45:46 2024
推: 7,噓: 1,分數: 6,作者: MeiHS (簽名檔是實話，不是笑話),"標題: [問卦] 賽前換表定投手就理虧,why隔壁版還能護航",時間: Sat Nov 23 22:19:52 2024
推: 26,噓: 96,分數: -70,作者: leo86197 (馬場衝擊波),標題: [新聞] 「最窮立委」接任勞動部長救火　吳思瑤：,時間: Sat Nov 23 20:13:05 2024
推: 10,噓: 0,分數: 10,作者: words2012 (づ′・ω・),標題: Re: [問卦] 為什麼看八卦版覺得台灣像地獄,時間: Sun Nov 24 01:42:09 2024
推: 4,噓: 3,分數: 1,作者: se2422 (庫帕),標題: [問卦] 籃球場是無辜的,時間: Sun Nov 24 00:24:40 2024
推: 2,噓: 0,分數: 2,作者: ccugoo (小麥),標題: [新聞] 日本京都府前副知事山下晃正 受聘為竹北市政顧問,時間: Sat Nov 23 22:24:00 2024
推: 11,噓: 0,分數: 11,作者: GKKR (大肥宅油膩膩),標題: Re: [問卦] 阿部寬也太帥了吧…,時間: Sat Nov 23 22:37:34 2024
推: 4,噓: 1,分數: 3,作者: LukeSkywaker (路克天醒者),標題: [問卦] 今天是中華隊還是台灣隊？,時間: Sat Nov 23 22:10:36 2024
推: 3,噓: 2,分數: 1,作者: EVEA ( 民主! ~ LINE! ~ 功德 !),標題: [問卦] 明天棒球冠亞軍 台灣有機會入聯合國嗎??,時間: Sat Nov 23 23:39:22 2024
推: 4,噓: 1,分數: 3,作者: ppoor2005 (伊語),"標題: [問卦] 玉米王牌投手,其實才是抗壓力最大了吧",時間: Sun Nov 24 07:49:51 2024
推: 10,噓: 0,分數: 10,作者: k44754 (神仙索就此失傳了),標題: Re: [新聞] 狂曝許銘春黑料　林淑芬怒嗆「不是什麼,時間: Sat Nov 23 21:19:33 2024
推: 5,噓: 4,分數: 1,作者: ceramicfa (ceramicfa),標題: [問卦] 敢花20萬買日本贏的不怕球是圓的？,時間: Sun Nov 24 01:01:00 2024
推: 0,噓: 0,分數: 0,作者: moebius2 (漫無目的),標題: [問卦] 不吃牛的理由到底是啥?,時間: Sun Nov 24 09:16:51 2024
推: 38,噓: 5,分數: 33,作者: AsahiBeer (朝日啤酒),標題: [問卦] 韓國轉播直接把中華台北翻譯成台灣耶,時間: Sat Nov 23 21:03:28 2024
推: 160,噓: 18,分數: 142,作者: CREA (人間不信),標題: [新聞] 丟臉丟到國外！謝宜容案星媒關注　批「酷吏」重創台灣人權,時間: Sat Nov 23 23:45:29 2024
推: 0,噓: 0,分數: 0,作者: livingend (livingend),標題: [問卦] 健身練肌肉是窮人在做的事吧？,時間: Sun Nov 24 09:40:53 2024
推: 10,噓: 1,分數: 9,作者: Dcwei (野心家),標題: [問卦] 拓海為什麼喜歡夏樹,時間: Sun Nov 24 03:03:02 2024
推: 4,噓: 0,分數: 4,作者: GoToCHT (貳肆壹貳),標題: [新聞] 台北市政府直播趴爆棚 應援台灣英雄超嗨,時間: Sat Nov 23 23:20:58 2024
推: 3,噓: 0,分數: 3,作者: koiopolo2 (K),標題: [問卦] 為什麼有些人一直問為什麼要演奏春日影?,時間: Sat Nov 23 20:41:12 2024
推: 10,噓: 1,分數: 9,作者: bang59487 (我的暱稱剛好有十個字),標題: [問卦] 滿壘 兩出局跟0出局 誰得分多的機率高,時間: Sat Nov 23 20:10:37 2024
推: 2,噓: 0,分數: 2,作者: laidos (道士),標題: Re: [新聞] 洪申翰接任勞長：不必恭喜我 這是不能失敗,時間: Sat Nov 23 21:16:33 2024
推: 4,噓: 5,分數: -1,作者: erichicken (吾乃長衫罩紙籠),標題: [問卦] 小7進貨忙不賣霜淇淋？,時間: Sat Nov 23 21:46:57 2024
推: 7,噓: 3,分數: 4,作者: MoreLight (大文),標題: [問卦] 開放安樂死有什麼不好？,時間: Sat Nov 23 22:54:30 2024
推: 1,噓: 0,分數: 1,作者: ceramicfa (ceramicfa),標題: [問卦] 日本vs台灣 等於大師兄vs何金銀嗎,時間: Sun Nov 24 04:33:31 2024
推: 1,噓: 2,分數: -1,作者: IronCube (高端邁粉),標題: [問卦] 昨天是中華隊還是臺灣隊故意犯規啊？,時間: Sun Nov 24 07:49:19 2024
推: 4,噓: 1,分數: 3,作者: PRME (我的文最廢),標題: [問卦] 小日本偷襲珍珠港是不是沒運動精神？？？,時間: Sun Nov 24 02:25:29 2024
推: 10,噓: 0,分數: 10,作者: aeont (slave),標題: [問卦] 挖靠!沒看yahoo首頁還不知今天金馬獎?,時間: Sat Nov 23 22:06:09 2024
推: 2,噓: 0,分數: 2,作者: GKKR (大肥宅油膩膩),標題: Re: [問卦] 有哪些看了可以發洩的爽片？,時間: Sat Nov 23 22:23:50 2024
推: 0,噓: 0,分數: 0,作者: yokann (PTT和平大使),標題: Re: [問卦] 搞不懂換先發有啥好吵的,時間: Sun Nov 24 09:54:11 2024
推: 5,噓: 2,分數: 3,作者: ai770116 (東方的神秘力量),標題: [問卦] 不搞霸凌是台灣棒球強大的原因嗎？,時間: Sat Nov 23 20:27:08 2024
推: 2,噓: 0,分數: 2,作者: STAV72 (刁民黨黨務主委),標題: [新聞] 研究指出獸控傾向有助開發幼兒心智潛能,時間: Sat Nov 23 20:09:50 2024
推: 13,噓: 2,分數: 11,作者: windows0310 (飛向宇宙浩瀚無垠),標題: [問卦] 大奶OL下班後的黑絲褲襪香嗎？,時間: Sat Nov 23 20:56:40 2024
推: 21,噓: 13,分數: 8,作者: botnet (反甲連-宣傳長),標題: [新聞] 2024高雄同志大遊行　林岱樺:性別友善,時間: Sat Nov 23 21:52:39 2024
推: 10,噓: 8,分數: 2,作者: vodkalime607 (一直跑下去),標題: [新聞] 金馬61／11歲鄭又菲奪最佳新人激動大叫 ,時間: Sat Nov 23 21:54:00 2024
推: 11,噓: 0,分數: 11,作者: lifesg (無價之寶),標題: [問卦] 你們覺得BIGBANG是幾個人?,時間: Sat Nov 23 23:47:38 2024
推: 9,噓: 0,分數: 9,作者: gotopark (無限風光在險峰),標題: [問卦] 女生70D和75D那個比較大?,時間: Sat Nov 23 21:52:19 2024
推: 5,噓: 0,分數: 5,作者: notimenofree (裝忙真的這麼爛還怕人說6),標題: [問卦] 欸欸日本隊是不是在霸凌我們,時間: Sat Nov 23 20:23:32 2024
推: 7,噓: 2,分數: 5,作者: MeiHS (簽名檔是實話，不是笑話),"標題: [問卦] 中共國人真的喜歡學走技術,就過河拆橋嗎?",時間: Sun Nov 24 02:31:22 2024
推: 0,噓: 0,分數: 0,作者: gk1329 (),標題: Re: [問卦] 床墊利潤很高嗎為什麼一堆廣告,時間: Sun Nov 24 09:32:30 2024
推: 35,噓: 9,分數: 26,作者: Lawleit (大員郭奉孝),標題: [問卦] 店員可以獨佔友善時光？,時間: Sun Nov 24 00:00:29 2024
推: 3,噓: 0,分數: 3,作者: ulycess (ulycess),標題: [問卦] 日本的投票制度怎麼那麼落後？,時間: Sat Nov 23 21:53:18 2024
推: 0,噓: 0,分數: 0,作者: junzi (這羊太危險),標題: [問卦] 搞不懂換先發有啥好吵的,時間: Sun Nov 24 09:33:48 2024
推: 0,噓: 0,分數: 0,作者: ppp123 (3p哥),標題: 婆羅門會被QJ嗎？,時間: Sun Nov 24 09:27:28 2024
推: 11,噓: 1,分數: 10,作者: damedame (打麵打麵),標題: [問卦] 有哪些看了可以發洩的爽片？,時間: Sat Nov 23 22:16:35 2024
推: 0,噓: 0,分數: 0,作者: ujmrfv (UUU),標題: [問卦] 一直投觸身會怎樣,時間: Sat Nov 23 20:07:14 2024
推: 5,噓: 2,分數: 3,作者: wild2012 (噹噹噹噹噹),標題: Re: [新聞] 第4次了！聯合國安理會加薩停火協議 美國,時間: Sat Nov 23 21:05:23 2024
推: 5,噓: 1,分數: 4,作者: zxc17893 (手寫信才能被淚水打濕),標題: Re: [問卦] 開放安樂死有什麼不好？,時間: Sat Nov 23 23:00:29 2024
推: 0,噓: 0,分數: 0,作者: yangzy (亞瑟),標題: Re: [問卦] 島內自嗨金馬獎 怎麼一堆中國片得獎？,時間: Sun Nov 24 00:41:47 2024
推: 5,噓: 3,分數: 2,作者: QEMU (五條悟被腰斬了),標題: [問卦]八卦板有被一堆其他板的討厭嗎?,時間: Sat Nov 23 23:38:11 2024
推: 21,噓: 3,分數: 18,作者: wugucc029 (五股CC),標題: [問卦] 林襄的臉是哪裡怪怪的,時間: Sat Nov 23 20:18:24 2024
推: 12,噓: 0,分數: 12,作者: linda17a3 (),標題: [公告] 人人都有G奶女友 為什麼本肥宅沒有！,時間: Sun Nov 24 02:28:29 2024
推: 11,噓: 15,分數: -4,作者: acz0221 (來自幽冥界的中二),標題: [問卦] 八卦版對金馬很不尊重？,時間: Sat Nov 23 21:09:50 2024
推: 0,噓: 0,分數: 0,作者: ccf52881 (ccf52881),標題: [新聞] 今抗日爭冠！　一票喊「不看比賽」原因,時間: Sun Nov 24 09:55:20 2024
推: 5,噓: 1,分數: 4,作者: doig (民國百十三),"標題: [問卦] 王心凌今晚綿羊造型,毛絨絨也太可愛",時間: Sat Nov 23 23:58:21 2024
推: 0,噓: 0,分數: 0,作者: Tsuzichen (Zoo),標題: [問卦] 請問這個車禍肇事責任怎麼算？,時間: Sun Nov 24 09:29:46 2024
推: 3,噓: 0,分數: 3,作者: qq326 (BEU-6027),標題: [問卦] 我這樣算幽默嗎?,時間: Sat Nov 23 22:28:04 2024
推: 251,噓: 3,分數: 248,作者: L1ON (廢文認証OK),標題: [問卦] 我就是不要臉 來討一句生日快樂 10p一推,時間: Sun Nov 24 02:45:56 2024
推: 11,噓: 2,分數: 9,作者: peacemetta (一期一會),標題: [問卦] 天堂的巔峰是水之都、奇岩城還是亞丁,時間: Sat Nov 23 21:50:40 2024
推: 0,噓: 0,分數: 0,作者: hades1206 (Sai),標題: [新聞] 兒綁胸前成肉墊…機車對撞 6個月男嬰重摔,時間: Sun Nov 24 10:14:39 2024
推: 2,噓: 0,分數: 2,作者: lwt501cx (爆裂魔法Explosion！！),標題: Re: [問卦] 棒球板一順逆風就開始提八卦板？,時間: Sat Nov 23 21:02:22 2024
推: 3,噓: 0,分數: 3,作者: DustToDust (活得痛快 死得年輕),標題: Re: [新聞] 搶救王義川成功了！吳崢：恭喜川哥！打,時間: Sun Nov 24 03:12:07 2024
推: 5,噓: 1,分數: 4,作者: k99t (聖誕小雞),標題: [問卦] 有沒有天氣變成外套要怎麼選擇的八卦？,時間: Sat Nov 23 21:44:41 2024
推: 4,噓: 1,分數: 3,作者: darkbrigher (暗行者),標題: Re: [問卦] 台灣有辦法阻止大陸第五代戰機轟炸台灣,時間: Sat Nov 23 19:54:28 2024
推: 1,噓: 0,分數: 1,作者: GGININDER4NI (GGYOININ),標題: [問卦] 抹茶小熊餅怎麼這麼玄？,時間: Sat Nov 23 23:29:27 2024
推: 4,噓: 1,分數: 3,作者: PRME (我的文最廢),標題: [問卦] 明天要插旗嗎?????????????????????????,時間: Sat Nov 23 20:26:14 2024
推: 0,噓: 0,分數: 0,作者: mk203125 (戴奧辛),標題: Re: [問卦] 不給貓貓睡覺會怎樣？,時間: Sun Nov 24 07:44:25 2024
推: 6,噓: 2,分數: 4,作者: inmee (J),"標題: [問卦] 巴菲特不認同加密貨幣,最終看對還是看錯?",時間: Sun Nov 24 00:13:57 2024
推: 25,噓: 3,分數: 22,作者: tommy1014 (鮪魚),標題: Fw: [新聞] 慶祝中華隊衝進總冠軍！4大超商「買一,時間: Sun Nov 24 00:40:42 2024
推: 3,噓: 2,分數: 1,作者: rs23234 (.),標題: [問卦] 輸3分 若沒派柏清投手 有機會贏嗎？,時間: Sat Nov 23 22:15:50 2024
推: 5,噓: 2,分數: 3,作者: Sinreigensou (神靈幻想),標題: [問卦] 好奇為何公益彩券不牴觸賭博罪,時間: Sat Nov 23 22:26:37 2024
推: 0,噓: 0,分數: 0,作者: danny006637 (NeneNene),標題: [問卦] 為什麼謝宜容會搞消失？,時間: Sun Nov 24 08:47:37 2024
推: 8,噓: 1,分數: 7,作者: v929598 (實感.手作廢文),標題: [問卦] 甲甲學長的咖啡店該送什麼匾額(題辭)?,時間: Sat Nov 23 21:42:22 2024
推: 0,噓: 0,分數: 0,作者: monniea (Steve),標題: [問卦] 肥宅臨時換什麼會被噴,時間: Sun Nov 24 09:31:42 2024
推: 0,噓: 0,分數: 0,作者: CODDDD (好吃鱈魚高蛋白),標題: [問卦] 中華隊是不是為我們中國爭光雪恥,時間: Sun Nov 24 09:59:35 2024
推: 4,噓: 0,分數: 4,作者: Kenshilo (醒銳孔),標題: [新聞] 新北汐止「巨石崩落」超驚悚 人車管制通,時間: Sun Nov 24 03:11:44 2024
推: 1,噓: 0,分數: 1,作者: neil136 (八級小狂風愛小太子奶),標題: Re: [新聞] 祭祀沉沒日艦145官兵亡魂！高雄紅毛港保,時間: Sat Nov 23 22:22:30 2024
推: 5,噓: 0,分數: 5,作者: AsahiBeer (朝日啤酒),標題: [問卦] 同學兒子的婚禮要包多少？,時間: Sun Nov 24 00:37:28 2024
推: 4,噓: 2,分數: 2,作者: signm (sin),標題: [問卦] 明天是湘北打山王吧？勝的機率幾乎0.01,時間: Sat Nov 23 21:06:31 2024
推: 4,噓: 0,分數: 4,作者: s92312 (巴斯),標題: Re: [問卦] 怎麼擋人請假，被檢舉才沒事？,時間: Sat Nov 23 22:53:29 2024
推: 0,噓: 0,分數: 0,作者: f12sd2e2aa (XS),標題: [問卦] 看大陸盜版轉播更印證黑熊學院的理論,時間: Sun Nov 24 09:19:58 2024
推: 9,噓: 1,分數: 8,作者: cutiehoneyzu (McHilo),標題: [問卦] 台北最好吃的buffet是那一家？,時間: Sat Nov 23 20:15:03 2024
推: 0,噓: 0,分數: 0,作者: giorno78 (天晴),標題: [問卦] 日本要求我們照他們的潛規則 是不是在霸,時間: Sun Nov 24 08:56:36 2024
推: 3,噓: 0,分數: 3,作者: MiaoXin (MiaoXin),標題: [問卦] 這樣物流還有在送嗎,時間: Sun Nov 24 00:09:05 2024
推: 87,噓: 4,分數: 83,作者: weber18767 (Cine 21),標題: [問卦] 王若琳出道這麼久 為何沒大紅,時間: Sat Nov 23 21:54:03 2024
推: 0,噓: 0,分數: 0,作者: ntughost (NTU_GHOST),標題: [問卦] 臨時換先發被罰錢,時間: Sun Nov 24 09:14:14 2024
推: 4,噓: 0,分數: 4,作者: ffreakk (),標題: [問卦] AI不只文筆好還會幫忙補刀,時間: Sat Nov 23 22:52:15 2024
推: 2,噓: 0,分數: 2,作者: ddshu (ddddd),標題: Re: [問卦] 研究所備取跟正取要去哪個,時間: Sat Nov 23 21:47:37 2024
推: 2,噓: 0,分數: 2,作者: laverne1 (只收菁英不收雜碎),標題: [問卦] 蟻王都要名字 死者名字被掩蓋有多慘????,時間: Sun Nov 24 04:29:37 2024
推: 2,噓: 0,分數: 2,作者: takashi01 (中和孔劉),標題: Re: [問卦] 會給兒女騎機車嗎？,時間: Sat Nov 23 22:44:13 2024
推: 4,噓: 0,分數: 4,作者: wei115 (社畜),標題: [問卦] 收到詐騙信，請問單兵該如何處置,時間: Sat Nov 23 23:45:10 2024
推: 3,噓: 0,分數: 3,作者: frzqp3814396 (GGYY),標題: [問卦] 台灣奶粉罐設計怎麼那麼爛,時間: Sat Nov 23 22:52:06 2024
推: 2,噓: 0,分數: 2,作者: kingmusk (馬爹利),標題: [問卦] 所以 頒獎典禮 到底有什麼好看的？,時間: Sun Nov 24 00:39:49 2024
推: 71,噓: 14,分數: 57,作者: iamshana (CANINE力集中在一些重要S),標題: [新聞] 中華隊臨時換投罰款2000美金！冠軍戰林,時間: Sat Nov 23 23:27:44 2024
推: 8,噓: 1,分數: 7,作者: bluehttp (公鯊小),標題: [問卦] 印度多車道高架橋只用單柱支撐 安全嗎？,時間: Sat Nov 23 22:20:01 2024
推: 0,噓: 0,分數: 0,作者: cl3bp6 (來自97號世界),標題: [新聞] 12強／線上免費直播！Hami Video「1組序,時間: Sun Nov 24 09:14:45 2024
推: 69,噓: 28,分數: 41,作者: jis0077 (一個人的輕旅行),標題: [新聞] 檢舉職場霸凌 衛福部：具名檢舉不影響升,時間: Sat Nov 23 23:24:17 2024
推: 2,噓: 3,分數: -1,作者: ga3322165 (Jkor),標題: [問卦] 日本狗是不是很愛叫？,時間: Sun Nov 24 00:33:54 2024
推: 3,噓: 3,分數: 0,作者: GoToCHT (貳肆壹貳),標題: [問卦] 日本偷襲珍珠港有講武德嗎,時間: Sat Nov 23 22:24:56 2024
推: 0,噓: 0,分數: 0,作者: songgood (ilovegoodgame),標題: [問卦] 愛國是不是拿來騙人的,時間: Sun Nov 24 08:52:44 2024
推: 0,噓: 0,分數: 0,作者: xvited945 (),標題: [問卦] 台日友好的粉紅泡泡破了？,時間: Sun Nov 24 08:30:22 2024
推: 5,噓: 0,分數: 5,作者: aabbcc520 (U質文),標題: Re: [問卦] 33處男今天沒爬山嗎,時間: Sun Nov 24 07:50:43 2024
推: 0,噓: 0,分數: 0,作者: Lailungsheng (狼不會入眠),標題: Re: [新聞] 換投事件 打破日本球界潛規則,時間: Sun Nov 24 08:20:36 2024
推: 2,噓: 0,分數: 2,作者: metroid0104 (無),標題: Re: [新聞] 綠議員「看中國盜版直播」挺中華隊　遭,時間: Sun Nov 24 07:43:55 2024
推: 1,噓: 1,分數: 0,作者: A98454 ( 阿肥是肥宅的肥),標題: Re: [問卦] 古代很多倭寇其實是中國海盜？,時間: Sun Nov 24 03:06:23 2024
推: 0,噓: 0,分數: 0,作者: s2678132 (重力可可),標題: Re: [問卦] 網友爆料台南牛肉湯一堆化學的？,時間: Sun Nov 24 07:29:45 2024
推: 482,噓: 47,分數: 435,作者: Supergreen (Hi),標題: [新聞] 9高中生機車衝合歡山 2人遭攪拌車輾死目擊學,時間: Sat Nov 23 21:00:13 2024
推: 4,噓: 0,分數: 4,作者: qq326 (BEU-6027),標題: [問卦] 陸行鳥大賽車的八卦,時間: Sat Nov 23 20:56:10 2024
推: 0,噓: 0,分數: 0,作者: Qunnine (qunnine),標題: Re: [問卦] 所以在臺灣能吃『海鮮素』的都很有錢嗎？,時間: Sun Nov 24 09:07:07 2024
推: 5,噓: 0,分數: 5,作者: GA389434 (GA389434),標題: Re: [問卦] 工程師起薪兩三百真的是多數嗎?,時間: Sat Nov 23 23:37:45 2024
推: 0,噓: 0,分數: 0,作者: CarlEdwards (CarlEdwards),標題: [問卦] 日本投手是不是還好而已,時間: Sun Nov 24 08:48:54 2024
推: 10,噓: 2,分數: 8,作者: callhek (貓貓仲介商),標題: [問卦] 明天銀牌含銀量多少？,時間: Sat Nov 23 22:57:54 2024
推: 11,噓: 1,分數: 10,作者: linda17a3 (),標題: [公告] I Decided to Hate You-Lee Ye Joon,時間: Sat Nov 23 20:01:14 2024
推: 9,噓: 2,分數: 7,作者: nbarepeat (nbarepeat),標題: [問卦] 中國的短片成本是不是越來越多？,時間: Sat Nov 23 20:41:22 2024
推: 0,噓: 0,分數: 0,作者: brokenback3 (3),標題: [問卦] 美國幫忙台灣打進棒球12強冠軍賽？,時間: Sun Nov 24 09:21:19 2024
推: 3,噓: 2,分數: 1,作者: laptic (靜夜聖林彼岸花),標題: Re: [問卦] 未完成的電影都能拿金馬獎 484很誇張,時間: Sat Nov 23 23:23:08 2024
推: 0,噓: 0,分數: 0,作者: baseballl (ball),標題: [問卦] 台灣棒球變強其實跟台灣變有錢有關係吧,時間: Sun Nov 24 08:23:52 2024
推: 26,噓: 2,分數: 24,作者: QEMU (五條悟被腰斬了),標題: [問卦]中華隊怎麼還在燒牛棚,時間: Sat Nov 23 20:52:50 2024
推: 0,噓: 0,分數: 0,作者: L1ON (廢文認証OK),標題: [問卦]今天冠軍賽大谷翔平會上來打嗎 ,時間: Sun Nov 24 08:32:17 2024
推: 4,噓: 1,分數: 3,作者: YHOTV4096 (常遇春),標題: [問卦] 為什麼大部份的石英錶秒針無法對準刻度？,時間: Sun Nov 24 00:49:46 2024
推: 5,噓: 0,分數: 5,作者: BlueBird5566 (賴粉-青鳥56),標題: [問卦] 東京的天氣也太好了吧!!!,時間: Sat Nov 23 23:46:36 2024
推: 0,噓: 0,分數: 0,作者: H2 (超級噴火龍X),標題: Re: [問卦] 看大陸盜版轉播更印證黑熊學院的理論,時間: Sun Nov 24 10:08:24 2024
推: 0,噓: 0,分數: 0,作者: ltytw (拉米亞妹妹),標題: [問卦] 多久沒看過漢堡用發泡或保利龍盒子裝了,時間: Sun Nov 24 08:47:58 2024
推: 1,噓: 0,分數: 1,作者: monniea (Steve),標題: [問卦] 肥宅有體味被霸凌 其他人如何阻止,時間: Sun Nov 24 10:01:56 2024
推: 1,噓: 1,分數: 0,作者: SaberMyWifi (賽巴),標題: [問卦] 是不是真的有棒球之神天罰這件事啊？,時間: Sat Nov 23 20:15:51 2024
推: 2,噓: 2,分數: 0,作者: obrag (歐布拉),標題: [問卦] 是不是欠周杰倫一個金馬獎？,時間: Sat Nov 23 23:31:27 2024
推: 12,噓: 6,分數: 6,作者: Smallsh (Smallsh),標題: [問卦] 八卦板現在變得很溫暖？,時間: Sun Nov 24 01:13:16 2024
推: 7,噓: 0,分數: 7,作者: WeiU (台大IU),標題: Re: [問卦] 高麗棒子、日本鬼子，台灣X子？,時間: Sat Nov 23 21:30:57 2024
推: 4,噓: 0,分數: 4,作者: neil136 (八級小狂風愛小太子奶),標題: [問卦] 雞皮一串多少合理？,時間: Sat Nov 23 21:46:25 2024
推: 19,噓: 102,分數: -83,作者: RGBB (我不要公親變事主),標題: [新聞] 民眾黨抹黑綠營「藉公務員之死升官發財」,時間: Sat Nov 23 21:28:35 2024
推: 13,噓: 1,分數: 12,作者: pp5434 (),標題: [問卦] 喵喵球迷算少，為何尚勇會變公認主題曲?,時間: Sun Nov 24 01:15:10 2024
推: 12,噓: 19,分數: -7,作者: steven853 (steven853),標題: [問卦] 台北隊這種表現明天輸也不意外吧？,時間: Sat Nov 23 20:15:58 2024
推: 63,噓: 5,分數: 58,作者: lavendersea (飛行者),標題: [問卦] 今年金馬獎大獎都給中國人 怎麼會,時間: Sat Nov 23 22:58:36 2024
推: 0,噓: 0,分數: 0,作者: ggian123 (釣白癡&散播仇恨專用帳),標題: [問卦] 如果美國人換投 倭寇敢在那邊叫嗎,時間: Sun Nov 24 10:09:49 2024
推: 3,噓: 0,分數: 3,作者: xz4979265 (職業王黑),標題: [問卦] 這次會有幾架戰鬥機迎接中華隊,時間: Sat Nov 23 23:29:53 2024
推: 0,噓: 0,分數: 0,作者: serenitymice (海口健太郎),標題: [問卦] 木瓜英文怎麼唸？,時間: Sun Nov 24 09:22:13 2024
推: 10,噓: 6,分數: 4,作者: myIDis7 (個字),標題: [問卦] 為什麼換投要被罰錢,時間: Sun Nov 24 05:57:49 2024
推: 3,噓: 0,分數: 3,作者: hotcore (轉接語音信箱),標題: [問卦] 想聽聽雙標的理由,時間: Sun Nov 24 00:04:03 2024
推: 2,噓: 0,分數: 2,作者: ncc5566 (政大宅男),標題: [問卦] 昨天買中華隊贏的在想什麼？？,時間: Sun Nov 24 07:05:18 2024
推: 49,噓: 0,分數: 49,作者: renna038766 (微積分好難過),標題: [問卦] 2000上下的防風外套？？,時間: Sun Nov 24 00:26:53 2024
推: 5,噓: 2,分數: 3,作者: poeta (鍵盤詩人),標題: [問卦] 香蕉長短 是品種的關係?,時間: Sat Nov 23 21:48:47 2024
推: 0,噓: 0,分數: 0,作者: ggjenderinin (夕陽下的輸精計畫),標題: 金融 謝怡蓉 and circus 金控,時間: Sun Nov 24 09:25:49 2024
推: 5,噓: 2,分數: 3,作者: o523874 (就買一個感覺),標題: [問卦] 各位有允指回味的習慣嗎,時間: Sat Nov 23 23:25:29 2024
推: 0,噓: 0,分數: 0,作者: yolodick (鍵盤肥宅),標題: [問卦] 梭哈日本隊可以發大財嗎？,時間: Sun Nov 24 09:39:41 2024
推: 5,噓: 0,分數: 5,作者: OPPAISuki (OPPAISuki),標題: [問卦] 為什麼四面佛還願都要請辣妹來跳舞?,時間: Sun Nov 24 02:52:44 2024
推: 2,噓: 1,分數: 1,作者: inmee (J),標題: [問卦] 台日冠軍賽一人立一個Flag?,時間: Sat Nov 23 23:43:57 2024
推: 2,噓: 2,分數: 0,作者: tools (tools),標題: [問卦] 在釀酒廠工作可以每天喝到飽嗎?,時間: Sun Nov 24 00:58:16 2024
推: 5,噓: 2,分數: 3,作者: monniea (Steve),標題: [新聞] 男生殖器打洞穿環 尿尿如噴泉！醫：勿,時間: Sun Nov 24 07:35:07 2024
推: 7,噓: 4,分數: 3,作者: a6000200 (aa),標題: [問卦] 59萬月繳8000？,時間: Sat Nov 23 20:04:50 2024
推: 14,噓: 7,分數: 7,作者: surferblue (浪者藍),標題: [問卦] 台男愛看棒球的根本原因是..？,時間: Sat Nov 23 20:56:08 2024
推: 5,噓: 0,分數: 5,作者: suzhou (☂☁☁☁☂),標題: Re: [問卦] 王若琳出道這麼久 為何沒大紅,時間: Sat Nov 23 22:23:51 2024
推: 5,噓: 4,分數: 1,作者: Napoleon313 (凌風一時無名白首),標題: [新聞] 美贏球助台晉金牌戰 AIT喊「不客氣」逾萬,時間: Sat Nov 23 23:38:31 2024
推: 0,噓: 0,分數: 0,作者: sxy67230 (charlesgg),標題: 這次賽前換投是不是看出台灣人的劣根性？,時間: Sun Nov 24 09:24:37 2024
推: 5,噓: 2,分數: 3,作者: sajio0330 (Sajio),標題: [問卦] 家裡有不知名怪蟲在飛,時間: Sat Nov 23 23:06:04 2024
推: 1,噓: 1,分數: 0,作者: phantasystar (phantasystar),標題: [問卦] 為啥早餐店有賣鍋貼不賣水餃？,時間: Sat Nov 23 21:19:21 2024
推: 327,噓: 63,分數: 264,作者: runa2 (あんた飛ばしすぎ!!),標題: [新聞] 台日大戰全民關注　綠議員陳怡君竟公然,時間: Sat Nov 23 23:24:20 2024
推: 2,噓: 0,分數: 2,作者: linces (2024/10/16),標題: [問卦] 看到棒賽時台灣總是高潮連連其他職業球,時間: Sat Nov 23 22:15:12 2024
推: 3,噓: 1,分數: 2,作者: todao (心裡有數),標題: Re: [問卦] 2000上下的防風外套？？,時間: Sun Nov 24 01:05:13 2024
推: 9,噓: 0,分數: 9,作者: amanda815625 (),標題: [問卦] 對波波醫師的關注焦點是否被轉移了？,時間: Sun Nov 24 05:37:32 2024
推: 2,噓: 0,分數: 2,作者: pennyleo (今朝有酒今朝醉),標題: Re: [問卦] 一直投觸身會怎樣,時間: Sat Nov 23 20:22:02 2024
推: 53,噓: 3,分數: 50,作者: pr9558 (Alpha-Whiskey),標題: [問卦] 「走後門」不好聽 可以怎麼優雅的改寫,時間: Sun Nov 24 08:00:58 2024
推: 14,噓: 3,分數: 11,作者: kasumi5566 (禁言の惡魔EE脊髓劍),標題: [問卦] 台籃什麼時候可以打到世界第二,時間: Sat Nov 23 21:44:40 2024
推: 0,噓: 0,分數: 0,作者: js52666 (嘻嘻☺),標題: [問卦] 越南陸客比想像中少非常多？,時間: Sun Nov 24 09:12:45 2024
推: 12,噓: 25,分數: -13,作者: ubcs (覺★青年超冒險蓋),標題: [公告] 勿發表自殺相關議題文章捏 IWIN會警告,時間: Tue Nov 19 12:39:54 2024
推: 0,噓: 0,分數: 0,作者: ray198776329 (我真的好帥),標題: [問卦] 運氣好罷了，還在挑釁中國欸,時間: Sun Nov 24 09:55:04 2024
推: 4,噓: 1,分數: 3,作者: TyuzuChou (潤潤潤),標題: [問卦] Cybertruck有機會在台灣上路嗎？,時間: Sun Nov 24 02:22:09 2024
推: 2,噓: 0,分數: 2,作者: lpbrother (LP哥(LP = Love & Peace)),標題: [新聞] 《金馬61-最佳新演員》11歲鄭又菲感謝魏,時間: Sun Nov 24 08:00:42 2024
推: 1,噓: 1,分數: 0,作者: gk1329 (),標題: [問卦] 深夜吃海膽泡麵,時間: Sun Nov 24 00:33:07 2024
推: 4,噓: 2,分數: 2,作者: pennyleo (今朝有酒今朝醉),標題: [問卦] 請問美國隊丟那麼多觸身是故意的嗎？,時間: Sun Nov 24 08:11:00 2024
推: 18,噓: 4,分數: 14,作者: b08297 (),標題: [問卦] 超商便當60元就能做幹嘛賣99元,時間: Sun Nov 24 01:26:33 2024
推: 0,噓: 1,分數: -1,作者: qwerapple (nomaman),標題: [問卦] 各位總教練們明天棒次該怎麼排？,時間: Sat Nov 23 21:36:47 2024
推: 19,噓: 16,分數: 3,作者: asppsa (橘子綠了),標題: [新聞] 賴清德首出訪「疑賴論」又起　國安人士,時間: Sun Nov 24 07:07:56 2024
推: 0,噓: 0,分數: 0,作者: iLeyaSin365 (365),標題: Re: [問卦] 台灣慘就很開心的大概是哪些人？,時間: Sat Nov 23 19:59:18 2024
推: 4,噓: 0,分數: 4,作者: k44754 (神仙索就此失傳了),標題: [問卦] 老闆:這兩天沒啥人點鍋貼~,時間: Sat Nov 23 21:04:07 2024
推: 0,噓: 0,分數: 0,作者: sulanpa (...),標題: [問卦] 說台灣棒球弱的日高中生臉腫起來了嗎,時間: Sun Nov 24 09:21:39 2024
推: 2,噓: 1,分數: 1,作者: jis0077 (一個人的輕旅行),標題: [問卦] 今天輸日本來抓戰犯了,時間: Sat Nov 23 23:33:46 2024
推: 5,噓: 2,分數: 3,作者: DOOHDLIHC (董事長),標題: [問卦] 葉舒華是不會唱歌嗎,時間: Sun Nov 24 02:13:27 2024
推: 0,噓: 0,分數: 0,作者: ak47good (陳鳥仁),標題: [新聞] 王義川遞補民進黨不分區立委 486先生嗨,時間: Sun Nov 24 09:17:58 2024
推: 29,噓: 0,分數: 29,作者: nelsony1216 (文山長跑王),標題: [爆卦] 地震,時間: Sun Nov 24 01:21:22 2024
推: 3,噓: 2,分數: 1,作者: d995511 (flcl),標題: [問卦] 麥當當還是很多人啊,時間: Sun Nov 24 07:23:48 2024
推: 0,噓: 0,分數: 0,作者: chadmu (噓之收集者查德姆),標題: [新聞] 貿易逆差達606億！中國不買白蝦「狂賣機,時間: Sun Nov 24 09:11:08 2024
推: 5,噓: 1,分數: 4,作者: xxxxqay (xxxxqay),"標題: [問卦] 現在人普遍年輕又幼稚,是因為沒結婚吧?!",時間: Sun Nov 24 00:57:39 2024
推: 112,噓: 31,分數: 81,作者: polanco (polanco),標題: [新聞] 換投事件 打破日本球界潛規則,時間: Sun Nov 24 08:00:18 2024
推: 0,噓: 0,分數: 0,作者: HD0621 (HD0621),標題: [問卦] 不動產店面是不是有行無市了？,時間: Sun Nov 24 09:30:13 2024
推: 4,噓: 3,分數: 1,作者: aabbcc520 (U質文),標題: [問卦] 33北漂處男一年只回去一次是不是太少不,時間: Sun Nov 24 07:09:28 2024
推: 3,噓: 0,分數: 3,作者: devidevi (凱特),標題: Re: [新聞] 本土、波波牙醫論戰 衛福部5點聲明強調沒,時間: Sat Nov 23 19:59:56 2024
推: 4,噓: 1,分數: 3,作者: k99t (聖誕小雞),標題: [問卦] 下禮拜的寒流幾天以後會走掉的八卦？,時間: Sat Nov 23 20:57:38 2024
推: 5,噓: 1,分數: 4,作者: pchion2002 (阿我就怕被罵阿),標題: [問卦] 台灣違規繳罰款是日常吧,時間: Sat Nov 23 23:46:40 2024
推: 23,噓: 20,分數: 3,作者: crocus (哪來的),標題: [新聞] 本土小牙醫明上街反波波醫 陳時中緩頰：,時間: Sat Nov 23 21:43:24 2024
推: 5,噓: 0,分數: 5,作者: Vitaceae (Vit),標題: [問卦] 台灣鍋貼霸主是誰？,時間: Sat Nov 23 21:28:44 2024
推: 8,噓: 3,分數: 5,作者: s72005ming (QQ),標題: [問卦] 台灣明天是王建民上場投嗎？,時間: Sun Nov 24 00:09:06 2024
推: 7,噓: 2,分數: 5,作者: nbarepeat (nbarepeat),標題: [問卦] 有沒有遇到好的女上司？,時間: Sat Nov 23 20:14:54 2024
推: 7,噓: 1,分數: 6,作者: ujmrfv (UUU),標題: [問卦] 換投罰錢就罰錢啊 酸屁,時間: Sat Nov 23 23:59:38 2024
推: 1,噓: 0,分數: 1,作者: lwt501cx (爆裂魔法Explosion！！),標題: [公告] 八卦板板規(2024.07.21),時間: Sun Jul 21 07:50:10 2024
推: 11,噓: 1,分數: 10,作者: amoyui (clom),標題: [問卦] 古代很多倭寇其實是中國海盜？,時間: Sun Nov 24 00:17:24 2024
推: 10,噓: 1,分數: 9,作者: saufu08 (saufu),標題: [問卦] 今天先這樣，我們要決戰明天冠軍賽！,時間: Sat Nov 23 21:29:02 2024
推: 21,噓: 0,分數: 21,作者: black1x2y3z (安),標題: [問卦] 如果說到「職場霸凌」第一個想到誰?,時間: Sat Nov 23 23:50:06 2024
推: 2,噓: 1,分數: 1,作者: james9806033 (西屯金城武),標題: [問卦] 今天All in日本可以吧,時間: Sun Nov 24 02:15:54 2024
推: 8,噓: 0,分數: 8,作者: Ommmmmm5566 (有人責備我們不夠深入),標題: [問卦] 如果中華隊明天拿金牌會不會覺得怪怪的,時間: Sat Nov 23 22:11:30 2024
推: 44,噓: 23,分數: 21,作者: iPodmilk (糞傳媒創辦人),標題: [問卦] 為什麼看八卦版覺得台灣像地獄,時間: Sun Nov 24 00:31:16 2024
推: 4,噓: 2,分數: 2,作者: tools (tools),標題: [問卦] 為何沒有培根飯,時間: Sun Nov 24 00:06:07 2024
推: 2,噓: 0,分數: 2,作者: ak47good (陳鳥仁),標題: Re: [問卦] 禁止檢討改進台灣缺點的是哪群人,時間: Sat Nov 23 20:21:43 2024
推: 0,噓: 0,分數: 0,作者: crocus (哪來的),標題: [新聞] 10月通膨1.69％三年半最低「民無感」！大,時間: Sun Nov 24 09:00:57 2024
推: 3,噓: 2,分數: 1,作者: jackymars5 ((                )),標題: [問卦] 這個人只能配曼蒂姐嗎？,時間: Sun Nov 24 07:46:35 2024
推: 51,噓: 3,分數: 48,作者: skn60694 (入聲),標題: [新聞] 彰化男託夢辦「公墓夜店趴」不到200人捧,時間: Sat Nov 23 20:13:05 2024
推: 2,噓: 4,分數: -2,作者: AJAPPLE (不敢吃屎魯蛇小妹),標題: [問卦] 現在中華隊很像 S2 TPA？,時間: Sat Nov 23 21:15:48 2024
推: 0,噓: 0,分數: 0,作者: longyin (龍吟很難嗎？為什麼),標題: Re: [問卦] 印度多車道高架橋只用單柱支撐 安全嗎？,時間: Sun Nov 24 09:57:25 2024
推: 7,噓: 0,分數: 7,作者: Anderson0819 (炸醬牛肉烏龍麵),標題: [問卦] 烏俄戰爭最新情報（20241122）,時間: Sat Nov 23 22:40:25 2024
推: 14,噓: 0,分數: 14,作者: leocean9816 (阿光),標題: [新聞] 疑郭智輝持股轉兒子人頭公司 藍提成立「,時間: Sun Nov 24 03:06:19 2024
推: 8,噓: 0,分數: 8,作者: z72117211 (渣到脫骨),標題: [問卦] 人類的幼崽是動物裡最弱的嗎？,時間: Sun Nov 24 02:56:05 2024
推: 20,噓: 3,分數: 17,作者: cplusplus426 (玻璃心安森),標題: [問卦] Uber外送484越來越少了,時間: Sat Nov 23 21:05:32 2024
推: 2,噓: 0,分數: 2,作者: ksxo (aa),標題: [問卦] 相信已經帶給對手很大壓力,時間: Sat Nov 23 22:05:55 2024
推: 0,噓: 0,分數: 0,作者: engineer1 (( ･胬･ﴠ)),標題: [問卦] 喜歡看甲片算隱性甲嗎？,時間: Sun Nov 24 08:49:20 2024
推: 3,噓: 0,分數: 3,作者: parttime (隱r),標題: [問卦] 不娶女友怕被女友殺掉是什麼意思？,時間: Sun Nov 24 07:03:10 2024
推: 18,噓: 0,分數: 18,作者: TCG0227 (霖澤館八兩金),標題: [問卦] GD舞台感染力怎麼那麼強？,時間: Sat Nov 23 22:08:31 2024
推: 5,噓: 0,分數: 5,作者: HDSM (Love Not Change  O'_'O),標題: [問卦] 中華隊很爛一直輸球，還好台灣隊會贏球？,時間: Sat Nov 23 21:52:50 2024
推: 2,噓: 3,分數: -1,作者: pptsuck (whip),標題: [問卦] 中華隊雖然很可惜 但也不用太擔心,時間: Sat Nov 23 21:59:01 2024
推: 0,噓: 0,分數: 0,作者: Morrislakbay (莫里斯四方報),標題: Re: [新聞] 不是謝宜容?北分署員工爆霸凌死者是｢這,時間: Sun Nov 24 09:58:40 2024
推: 0,噓: 0,分數: 0,作者: wujet09100 (噁爛臭酸肥宅),標題: [問卦] FBI的人問小女孩要不要進車子休息,時間: Sun Nov 24 10:15:59 2024
推: 0,噓: 1,分數: -1,作者: Qorqios (憑曆終續☠愚業撫結☠),標題: Re: [爆卦] 賴清德Threads發文,時間: Sat Nov 23 22:34:13 2024
推: 7,噓: 0,分數: 7,作者: girl55665566 (5566),標題: [問卦] 車輪餅沒賣芋頭口味 很不專業吧？　,時間: Sat Nov 23 23:20:37 2024
推: 8,噓: 2,分數: 6,作者: gerychen (邪惡肥宅),標題: [問卦] 如果明天日本輸了拿銀牌有多幹？,時間: Sat Nov 23 23:11:47 2024
推: 2,噓: 0,分數: 2,作者: engineer1 (( ･胬･ﴠ)),標題: [問卦] 有戲鳥師嗎？,時間: Sun Nov 24 10:10:36 2024
推: 7,噓: 0,分數: 7,作者: FL5566 (小魯妹),標題: [問卦] 為什麼單身肥宅周末如此空虛,時間: Sat Nov 23 22:34:40 2024
推: 4,噓: 2,分數: 2,作者: enrageme (史塔克布萊恩),標題: [問卦] 取日本妹子,時間: Sat Nov 23 20:08:26 2024
推: 0,噓: 0,分數: 0,作者: amanda815625 (),標題: [問卦] 大家支持犯強制性交唯一死刑嗎？,時間: Sun Nov 24 10:00:38 2024
推: 0,噓: 0,分數: 0,作者: kingmusk (馬爹利),標題: Re: [新聞] 貿易逆差達606億！中國不買白蝦「狂賣機,時間: Sun Nov 24 09:20:16 2024
推: 15,噓: 3,分數: 12,作者: words2012 (づ′・ω・),標題: [問卦] 金馬男女主角都是名不見經傳的人,時間: Sun Nov 24 01:00:44 2024
推: 8,噓: 0,分數: 8,作者: xxox (O-O),標題: [問卦] 台大醫院東址的磁磚施工到底要多久？,時間: Sat Nov 23 22:26:33 2024
推: 5,噓: 0,分數: 5,作者: lightwish (穹願),標題: [新聞] 天津醫生王克明涉活摘器官在洛杉磯被起訴,時間: Sat Nov 23 22:31:58 2024
推: 5,噓: 0,分數: 5,作者: notimenofree (裝忙真的這麼爛還怕人說6),標題: [問卦] 床墊利潤很高嗎為什麼一堆廣告,時間: Sun Nov 24 07:38:31 2024
推: 20,噓: 4,分數: 16,作者: tukimi3rd (3rd),標題: 最近有沒有gogoro強迫更新的八卦？,時間: Sun Nov 24 05:39:29 2024
推: 6,噓: 5,分數: 1,作者: playla (隨心所欲),標題: [問卦] 被全校男女告白最帥高中生,時間: Sun Nov 24 01:47:24 2024
推: 3,噓: 1,分數: 2,作者: KuoJia (奧馬哈的先知:奉孝),標題: [問卦] 如果你各位是康熙鬥得掉鰲拜嗎?,時間: Sun Nov 24 07:29:30 2024
推: 3,噓: 5,分數: -2,作者: Yirgacheffe (守住善良),標題: [新聞] 《國有器官》紐約放映獲頒獎 醫生觀影震驚,時間: Sat Nov 23 23:57:45 2024
推: 6,噓: 1,分數: 5,作者: iecju520 (台中李鐘碩),標題: [問卦] 旋律可以硬控場 為什麼不早說,時間: Sun Nov 24 01:40:13 2024
推: 4,噓: 1,分數: 3,作者: crystalvue (到哪裡不CP),標題: [問卦] 中華（台灣）隊是一軍還是二軍？,時間: Sat Nov 23 21:22:11 2024
推: 16,噓: 3,分數: 13,作者: takuminauki (史迪格里茲粉),標題: [問卦] 詹懷雲會是下一個許光漢?,時間: Sat Nov 23 21:58:29 2024
推: 35,噓: 7,分數: 28,作者: DOOHDLIHC (董事長),標題: [問卦] 四叉貓：館粉都是智障,時間: Sun Nov 24 02:33:39 2024
推: 5,噓: 1,分數: 4,作者: WeiU (台大IU),標題: [問卦] 麻辣鍋好辣哦，怎辦？,時間: Sat Nov 23 21:11:21 2024
推: 0,噓: 0,分數: 0,作者: Toyosushij (Toyosushij),標題: [新聞] 悲劇！口湖近六旬婦疑遭兒毆打後昏厥 搶,時間: Sun Nov 24 08:58:11 2024
推: 1,噓: 0,分數: 1,作者: nephrologist (內佛羅聚史特),標題: Re: [新聞] 吳崢喊恭喜「搶救王義川成功」 遭轟：知,時間: Sat Nov 23 22:32:36 2024
推: 8,噓: 0,分數: 8,作者: hihihihehehe (遠離塵囂),標題: [新聞] 帕運》穩懋再度捐助百萬 力挺台灣帕拉運動發展,時間: Sun Nov 24 00:09:38 2024
推: 10,噓: 2,分數: 8,作者: sakeya (薩琪亞),標題: [問卦] 今天台灣這場真的可以說雖敗猶榮吧?,時間: Sat Nov 23 21:33:42 2024
推: 5,噓: 1,分數: 4,作者: whiteadam (blue eyes blue),標題: [問卦] 狼人殺都是誰在玩的呀?,時間: Sun Nov 24 01:38:08 2024
推: 9,噓: 2,分數: 7,作者: hateOnas (如果我這次猜拳猜輸了),標題: [新聞] 12強賽／冠軍戰最大場直播在台中 明嗑太,時間: Sat Nov 23 21:48:08 2024
推: 34,噓: 18,分數: 16,作者: taco0910 (台南幹譙龍),標題: [問卦] 為什麼八卦版那麼多人喜歡唱衰自己人？,時間: Sat Nov 23 21:30:05 2024
推: 4,噓: 1,分數: 3,作者: Xenogeous (非洲大陸),標題: [問卦] 明天要押日本多少才夠買鍋貼?,時間: Sat Nov 23 20:36:08 2024
推: 0,噓: 0,分數: 0,作者: ggbi4zzz (釣魚王fubuki),標題: [新聞] 日委大戰「日6局內丟5分」　他再跪中華,時間: Sun Nov 24 08:46:29 2024
推: 0,噓: 0,分數: 0,作者: ralfeistein (無名的ㄈㄓ王),標題: Re: [問卦] 籃球場是無辜的,時間: Sun Nov 24 00:39:37 2024
推: 4,噓: 2,分數: 2,作者: BLACKTEA0525 (JACK),標題: [問卦] 明天我覺得比分高的有機會贏,時間: Sat Nov 23 23:01:15 2024
推: 2,噓: 0,分數: 2,作者: dnzteeqrq (過客),標題: [問卦] 有沒有GASO 組織 陳法逍 Sammy 的卦,時間: Sun Nov 24 05:54:36 2024
推: 0,噓: 0,分數: 0,作者: ps124125288 (ptt),標題: Re: [新聞] 王義川遞補民進黨不分區立委 486先生嗨,時間: Sun Nov 24 09:28:23 2024
推: 9,噓: 3,分數: 6,作者: BlueBird5566 (賴粉-青鳥56),標題: [問卦] 未完成的電影都能拿金馬獎 484很誇張,時間: Sat Nov 23 23:09:51 2024
推: 5,噓: 0,分數: 5,作者: ffreakk (),標題: [問卦] 香香的木頭邊角料可以幹嘛,時間: Sun Nov 24 00:52:27 2024
推: 32,噓: 16,分數: 16,作者: Lineage097 (狐狸壽司),標題: Re: [新聞] 9高中生機車衝合歡山 2人遭攪拌車輾死目擊學,時間: Sat Nov 23 21:14:57 2024
推: 1,噓: 0,分數: 1,作者: ralfeistein (無名的ㄈㄓ王),標題: [問卦] 還是中華隊也賭明天輸球 讓林安可轉投手?,時間: Sat Nov 23 23:13:20 2024
推: 9,噓: 0,分數: 9,作者: pp5434 (),標題: [問卦] 小時候打洛克人比現代打甚麼魂系屌多了吧,時間: Sun Nov 24 02:08:01 2024
推: 3,噓: 0,分數: 3,作者: CenaC (王葛格加油!!),標題: Re: [新聞] 台日大戰全民關注　綠議員陳怡君竟公然,時間: Sat Nov 23 23:37:46 2024
推: 19,噓: 0,分數: 19,作者: nervrain (free81622),標題: [問卦] 剛剛跟詐騙集團對罵了快10分鐘真過癮,時間: Sun Nov 24 00:27:23 2024
推: 4,噓: 0,分數: 4,作者: neos042 (neos),標題: [問卦] 為什麼Youtube 最近一堆投資廣告？,時間: Sun Nov 24 00:42:58 2024
推: 255,噓: 4,分數: 251,作者: ubcs (覺★青年超冒險蓋),標題: Fw: [公告] 請留意新註冊帳號使用信件詐騙,時間: Sat Nov  2 21:35:46 2024
推: 2,噓: 0,分數: 2,作者: z72117211 (渣到脫骨),標題: [問卦] 各位多久去按摩？,時間: Sat Nov 23 20:51:26 2024
推: 7,噓: 0,分數: 7,作者: blessbless (NJBGGS),標題: [問卦] 冬天可以瞬間起床的訣竅是？,時間: Sat Nov 23 23:57:53 2024
推: 26,噓: 5,分數: 21,作者: peterlin495 (專業果粉O'_'O),標題: [新聞] 資優女選3類組就業嘆「選錯路」工作爛　,時間: Sat Nov 23 22:20:51 2024
推: 73,噓: 4,分數: 69,作者: mucorn (MU),標題: [問卦] 日本有巫女，西方有修女，台灣有...？,時間: Sat Nov 23 21:37:26 2024
推: 21,噓: 4,分數: 17,作者: MoreLight (大文),標題: [問卦] 張曼玉有哪些代表作？,時間: Sat Nov 23 21:54:26 2024
推: 0,噓: 0,分數: 0,作者: ralfeistein (無名的ㄈㄓ王),標題: [新聞] 英電信公司推AI阿嬤反詐騙 專瞎聊浪費詐,時間: Sun Nov 24 09:25:31 2024
推: 3,噓: 2,分數: 1,作者: Su22 (裝配匠),標題: [新聞] 有圖有真相！消息壓不住 中國企業拖欠薪,時間: Sat Nov 23 20:10:32 2024
推: 7,噓: 1,分數: 6,作者: razan (僅供參考),標題: [新聞] 女友喝爛醉高雄男找兄弟共享　她見對話,時間: Sat Nov 23 23:20:36 2024
推: 9,噓: 0,分數: 9,作者: pulato16 (七股哥布林),標題: [問卦] 台北捷運發生什麼事了,時間: Sat Nov 23 20:10:56 2024
推: 3,噓: 0,分數: 3,作者: L1ON (廢文認証OK),標題: [問卦] 明天日本穩輸的八,時間: Sun Nov 24 02:32:20 2024
推: 0,噓: 0,分數: 0,作者: zzzzzzzzzzzy (壞兒瓦西里),標題: [問卦] 詐騙罰錢緩刑就好，所以可以詐騙？,時間: Sun Nov 24 09:01:25 2024
推: 12,噓: 1,分數: 11,作者: ppoor2005 (伊語),標題: [問卦] 為什麼棒球受觀注度遠大於 > 羽球,時間: Sun Nov 24 00:08:32 2024
推: 0,噓: 0,分數: 0,作者: thewtf (李珠珢我老婆),標題: [問卦] 急！龜頭沾到衛生紙清不掉怎麼辦,時間: Sun Nov 24 09:48:46 2024
推: 5,噓: 1,分數: 4,作者: monarch0301 (席哈),標題: [問卦] 壞人跟你同名同姓會讓你想改名嗎？,時間: Sun Nov 24 02:44:49 2024
推: 11,噓: 1,分數: 10,作者: Ophiuchus (尋找傳說中的廚具),標題: [新聞] 超香前警花印度選美「戰鬥值炸裂」得獎了,時間: Sat Nov 23 20:13:04 2024
推: 19,噓: 20,分數: -1,作者: LineageM (天堂M),標題: [問卦] 暴投還嬉皮笑臉是怎樣？ ,時間: Sat Nov 23 20:07:19 2024
推: 10,噓: 7,分數: 3,作者: Sinreigensou (神靈幻想),標題: Re: [新聞] 美印太司令：陸跨海峽侵台極其困難,時間: Sun Nov 24 06:05:54 2024
推: 7,噓: 2,分數: 5,作者: violetking (夢想就在前方(♂),標題: Re: [新聞] 洪申翰接任勞長：不必恭喜我 這是不能失敗,時間: Sat Nov 23 20:56:39 2024
推: 0,噓: 0,分數: 0,作者: sulanpa (...),標題: [問卦] 肥宅明天跟女同事聊12強還是金馬獎好,時間: Sun Nov 24 09:39:16 2024
推: 1,噓: 5,分數: -4,作者: APUDOOR (APUDOOR),標題: [問卦] 為啥大師兄不出來代打？,時間: Sat Nov 23 20:28:46 2024
推: 16,噓: 4,分數: 12,作者: FreedomSD (2014逮丸好人好事代表),標題: Re: [問卦] 高雄火車站也蓋太久了吧？？？,時間: Sat Nov 23 21:12:59 2024
推: 11,噓: 2,分數: 9,作者: drakd4d (NULL),標題: [問卦] 其實這場輸比較好吧？,時間: Sat Nov 23 20:59:47 2024
推: 8,噓: 0,分數: 8,作者: MeiHS (簽名檔是實話，不是笑話),"標題: [問卦] 東京巨蛋飯店,除了招待球員外誰會去住?",時間: Sun Nov 24 00:54:00 2024
推: 2,噓: 0,分數: 2,作者: rageshone (GGin),標題: [問卦] 貴婦奈奈有為中華隊加油嗎？,時間: Sun Nov 24 07:15:16 2024
推: 13,噓: 4,分數: 9,作者: leaderweb (),標題: [新聞] 菲律賓副總統語出驚人 稱已雇人刺殺總統,時間: Sat Nov 23 23:47:54 2024
推: 1,噓: 0,分數: 1,作者: cloud3455 (雲想衣裳花想容),標題: Re: [問卦] 一般來說計程車司機對國中女生沒興趣吧?,時間: Sat Nov 23 21:45:26 2024
推: 5,噓: 5,分數: 0,作者: lifesg (無價之寶),標題: [問卦] 林昀儒看台日大戰  運動員什麼球都略懂嗎,時間: Sat Nov 23 23:35:06 2024
推: 2,噓: 1,分數: 1,作者: laptic (靜夜聖林彼岸花),標題: Re: [新聞] 辯「摸生殖器是原民傳統」/族語老師猥褻,時間: Sat Nov 23 20:19:42 2024
推: 4,噓: 1,分數: 3,作者: DustToDust (活得痛快 死得年輕),標題: Re: [問卦] 拓海為什麼喜歡夏樹,時間: Sun Nov 24 03:30:47 2024
推: 27,噓: 7,分數: 20,作者: kuma525566 (毛怪),標題: [問卦] 為什麼日本投手球速幾乎都能150公里?,時間: Sat Nov 23 21:22:13 2024
推: 0,噓: 0,分數: 0,作者: GKKR (大肥宅油膩膩),標題: Re: [問卦] 台灣有多少人沒出省過？,時間: Sat Nov 23 22:55:27 2024
推: 3,噓: 4,分數: -1,作者: words2012 (づ′・ω・),標題: [問卦] 有人發現吳興國小前三字完全等於吳興國!,時間: Sun Nov 24 04:47:22 2024
推: 0,噓: 0,分數: 0,作者: zxc881230 (神槍手打手槍神),標題: [問卦] 海盜戰記的男主看了很躁 正常嗎,時間: Sun Nov 24 09:29:12 2024
推: 0,噓: 0,分數: 0,作者: chu (chu),標題: Re: [問卦] 菜市場的豆腐水 大廠牌豆漿 選誰,時間: Sun Nov 24 09:46:44 2024
推: 1,噓: 1,分數: 0,作者: xzcb2008 (可愛老娘變態貓貓=.=),標題: Re: [問卦] 爸:別做就好了 我:我離職你就不是這樣說,時間: Sat Nov 23 21:26:48 2024
推: 15,噓: 2,分數: 13,作者: Workforme (′‧ω‧‵),標題: [新聞] 荷包注意了！電動自行車未掛牌最高罰3600,時間: Sun Nov 24 06:54:33 2024
推: 0,噓: 0,分數: 0,作者: JC910 (JC910),標題: Re: [新聞] 少年無照騎車載友慘摔！水泥預拌車閃不及,時間: Sun Nov 24 04:17:13 2024
推: 10,噓: 1,分數: 9,作者: ivorysoap (ivorysoap),標題: [問卦] 有一說一 四強賽的賽制是不是不公平?,時間: Sun Nov 24 00:31:21 2024
推: 15,噓: 2,分數: 13,作者: fraternity (猴猴做歹誌),標題: [問卦] 星巴克用外帶杯，真的不能內用嗎？,時間: Sat Nov 23 20:46:42 2024
推: 3,噓: 4,分數: -1,作者: A98454 ( 阿肥是肥宅的肥),標題: [問卦] 台女484很讚,時間: Sat Nov 23 23:35:44 2024
推: 7,噓: 2,分數: 5,作者: kamehameha12 (益菌多壞菌就少),標題: [問卦] 公民老師在教選賢與能的時候不會心虛嗎？,時間: Sat Nov 23 20:10:48 2024
推: 19,噓: 0,分數: 19,作者: blueskymaple (你是不是在發球),標題: [問卦] 阿部寬也太帥了吧…,時間: Sat Nov 23 22:25:27 2024
推: 57,噓: 0,分數: 57,作者: wsp14679 (正妹),標題: [協尋] 尋人啟事 朋友的爸爸有失智老人,時間: Mon Nov 18 23:53:12 2024
推: 19,噓: 5,分數: 14,作者: MatheFuck (媽英告),標題: [問卦] 你家附近臭豆腐多少錢了？,時間: Sat Nov 23 20:52:08 2024
推: 1,噓: 0,分數: 1,作者: HDSM (Love Not Change  O'_'O),標題: [問卦] 新的舊的各種款式 各種花色任我選擇,時間: Sun Nov 24 00:32:43 2024
推: 10,噓: 6,分數: 4,作者: steven853 (steven853),標題: [問卦] 台灣有多少人沒出省過？,時間: Sat Nov 23 22:36:02 2024
推: 0,噓: 0,分數: 0,作者: xiikjuy (xiikjuy),標題: [問卦] 沒有契約精神484中華文化的一部分,時間: Sun Nov 24 09:32:06 2024
推: 1,噓: 2,分數: -1,作者: duolon (被八卦=服貿版桶 潛水ing),標題: [問卦] ===任何具賭盤規模的比賽的表面運作規則=,時間: Sat Nov 23 21:47:49 2024
推: 4,噓: 2,分數: 2,作者: Doica2445 (千千千),標題: [問卦] 認真問 金馬獎要怎麼起死回生,時間: Sat Nov 23 22:21:15 2024
推: 0,噓: 0,分數: 0,作者: jcjczx (),標題: [問卦] 十元白飯是不是絕跡了?,時間: Sun Nov 24 10:13:12 2024
推: 3,噓: 0,分數: 3,作者: echyerrr (ouoerrr),標題: [問卦] 最近怎麼一堆經營不善的詐騙？,時間: Sat Nov 23 21:01:06 2024
推: 1,噓: 1,分數: 0,作者: neil136 (八級小狂風愛小太子奶),標題: Re: [新聞] 賴清德首出訪「疑賴論」又起　國安人士,時間: Sun Nov 24 07:41:23 2024
推: 6,噓: 1,分數: 5,作者: Player02 (玩家02),標題: [問卦] 今年的金馬獎找吳慷仁跟安溥是故意的嗎？,時間: Sun Nov 24 00:19:50 2024
推: 23,噓: 0,分數: 23,作者: inmee (J),標題: [問卦] 青蘋果都什麼人在吃的?,時間: Sat Nov 23 20:40:26 2024
推: 0,噓: 0,分數: 0,作者: fly820822 (大飛哥啦),標題: [問卦] 倫理道德是不是只剩窮人遵守,時間: Sun Nov 24 09:41:48 2024
推: 20,噓: 1,分數: 19,作者: jenny780517 (Jenny),標題: [問卦] 為什麼日本人的棒球這麼強?,時間: Sat Nov 23 20:12:27 2024
推: 8,噓: 2,分數: 6,作者: skyoun (skyoun),標題: Re: [問卦] 只有我覺得謝宜容被亂黑嗎??,時間: Sat Nov 23 22:39:30 2024
推: 18,噓: 17,分數: 1,作者: zzz122eee (夜雨葵),標題: [問卦] 日本什麼時候派2軍打12強,時間: Sat Nov 23 20:23:41 2024
推: 5,噓: 1,分數: 4,作者: CGDGAD ((CGDGAD)),標題: Re: [新聞] 9高中生機車衝合歡山 2人遭攪拌車輾死目擊學,時間: Sat Nov 23 22:29:54 2024
推: 0,噓: 0,分數: 0,作者: Sam27 (Sam),標題: [問卦] 到底結婚還是不結婚比較快樂??,時間: Sun Nov 24 10:15:08 2024
推: 5,噓: 0,分數: 5,作者: nbarepeat (nbarepeat),標題: Re: [問卦] 存款10萬，明天all in中華隊贏會變多少,時間: Sat Nov 23 22:04:20 2024
推: 37,噓: 47,分數: -10,作者: alex1987 (基努李維),標題: [新聞] 洪申翰接任勞長：不必恭喜我 這是不能失敗,時間: Sat Nov 23 20:51:52 2024
推: 0,噓: 0,分數: 0,作者: rs23234 (.),標題: [問卦] 我們臨時換投到底算不算出奧步？,時間: Sun Nov 24 10:04:59 2024
推: 16,噓: 2,分數: 14,作者: toofat (南勢角野郎哥),標題: Re: [問卦] 鍋貼和煎餃有什麼不一樣？,時間: Sat Nov 23 23:16:13 2024
推: 10,噓: 5,分數: 5,作者: OPPAISuki (OPPAISuki),標題: [問卦] GD復出真的帥爛耶!台灣怎麼都文青歌手?,時間: Sun Nov 24 00:11:51 2024
推: 10,噓: 1,分數: 9,作者: KONAMI (),標題: [問卦] 國家隊有兩個名字是全世界唯一嗎？,時間: Sat Nov 23 22:12:25 2024
推: 1,噓: 0,分數: 1,作者: lwt501cx (爆裂魔法Explosion！！),標題: Re: [問卦] 每個人挺中華隊挺得震天響，可是棒球版卻,時間: Sat Nov 23 22:51:24 2024
推: 0,噓: 0,分數: 0,作者: Morrislakbay (莫里斯四方報),標題: Re: [新聞] 謝宜容態度強硬 律師揭強大靠山：處分一,時間: Sun Nov 24 10:09:48 2024
推: 0,噓: 0,分數: 0,作者: postpost (巴洛克),標題: Re: [新聞] 謝宜容終於露面 李宇翔曝光北分署同仁反,時間: Sun Nov 24 08:31:28 2024
推: 0,噓: 0,分數: 0,作者: addison123 (鄉下小鮮肉),標題: [問卦] 買日本贏替台北隊加油？,時間: Sun Nov 24 08:52:00 2024
推: 1,噓: 0,分數: 1,作者: jis0077 (一個人的輕旅行),標題: [問卦] 明天6點開打5點半叫鍋貼OK吧?,時間: Sat Nov 23 23:49:26 2024
推: 4,噓: 3,分數: 1,作者: kevin10449 (鹽酥雞),標題: [問卦] 萬一不小心拿冠,時間: Sat Nov 23 22:31:38 2024
推: 8,噓: 0,分數: 8,作者: levs (我愛太魯閣),標題: [問卦] 有人用Chatgpt學語言嗎？,時間: Sat Nov 23 22:47:15 2024
推: 3,噓: 1,分數: 2,作者: butmyass (灑利與爵克),標題: Re: [問卦] 金馬獎都沒人看只看棒球，怎麼辦？,時間: Sat Nov 23 21:09:14 2024
推: 126,噓: 30,分數: 96,作者: samuelass (意象頗沉著),標題: Re: [問卦] 跟大奶妹做愛是什麼感覺,時間: Sun Nov 24 01:08:37 2024
推: 8,噓: 1,分數: 7,作者: Articuno (水噹噹),標題: [新聞] 佛山揚州遼陽一天三起車撞人 官方封鎖消息,時間: Sun Nov 24 01:05:14 2024
推: 2,噓: 0,分數: 2,作者: loveyou9527 (小弟),標題: [問卦] 各位覺得台灣職場人權怎樣？,時間: Sat Nov 23 23:54:35 2024
推: 9,噓: 1,分數: 8,作者: lb01833364 (木魚),標題: [問卦] 好奇問 這次棒球12強完全沒看的人多嗎？,時間: Sat Nov 23 23:43:30 2024
推: 5,噓: 1,分數: 4,作者: simon0529 (simon0529),標題: [問卦] 2024還有吃人血饅頭的事?,時間: Sat Nov 23 22:05:55 2024
推: 53,噓: 4,分數: 49,作者: ga3322165 (Jkor),標題: [問卦] 高麗棒子、日本鬼子，台灣X子？,時間: Sat Nov 23 21:29:34 2024
推: 0,噓: 0,分數: 0,作者: elec1141 (木村拓哉),標題: [問卦] 冬天懶覺很冷怎麼辦？,時間: Sun Nov 24 08:53:25 2024
推: 1,噓: 1,分數: 0,作者: onetiger (ONETIGER),標題: [問卦] 最近很流行神奇寶貝手遊嗎?,時間: Sun Nov 24 04:58:44 2024
推: 1,噓: 0,分數: 1,作者: mhliu8 (～～IH< 會飛低小強),標題: [問卦] 今天誰是神隊友？,時間: Sat Nov 23 20:01:52 2024
推: 0,噓: 0,分數: 0,作者: es9988770 (時試穿),標題: [問卦] 醬蟹為什麼這麼好吃？,時間: Sun Nov 24 10:06:41 2024
推: 12,噓: 20,分數: -8,作者: Devillian (小安),標題: [新聞] 面試主管職遭問「水餃是男還是女？」 職,時間: Sun Nov 24 07:36:49 2024
推: 7,噓: 1,分數: 6,作者: s820912gmail (愛黨替代役覺青),標題: [問卦] 新台幣五百萬要買哪一台車啊？,時間: Sat Nov 23 23:19:53 2024
推: 0,噓: 0,分數: 0,作者: qazsedcft (離開是),標題: [新聞] 中國戰狼外交官發文干預眾院大選　日本要,時間: Sun Nov 24 00:13:38 2024
推: 3,噓: 2,分數: 1,作者: newsted5566 (NEWSTED5566(亂劣我文)),標題: [問卦] 請問叉燒小菜長這樣1200可以嗎？,時間: Sat Nov 23 20:50:59 2024
推: 42,噓: 2,分數: 40,作者: peterlin495 (專業果粉O'_'O),標題: [問卦] 工程師起薪兩三百真的是多數嗎?,時間: Sat Nov 23 23:15:19 2024
推: 4,噓: 0,分數: 4,作者: aventardorsv (lamborghini aventadorsv),標題: Re: [問卦] 其實這場輸比較好吧？,時間: Sat Nov 23 21:47:09 2024
推: 1,噓: 1,分數: 0,作者: r6TSGs (r6TSGs),標題: Re: [問卦] 工程師的頒獎典禮 要叫什麼名字？,時間: Sun Nov 24 00:58:59 2024
推: 9,噓: 2,分數: 7,作者: RuRu0421 (小淵澤報瀨的企鵝抱枕),標題: [問卦] 跟大奶妹做愛是什麼感覺,時間: Sat Nov 23 23:43:01 2024
推: 0,噓: 0,分數: 0,作者: keane9112 (拎北逮頑郎 拎北反支那啦),標題: [問卦] 主辦方+日本隊都同意換投手 有啥好吵?,時間: Sun Nov 24 10:04:31 2024
推: 8,噓: 3,分數: 5,作者: CharleneTsai (給他200塊去吃麥當勞啦),標題: [問卦] 金馬獎贊助廠商是不是有苦難言？,時間: Sat Nov 23 21:47:07 2024
推: 27,噓: 23,分數: 4,作者: sugarphone (用電話遙控小星星),標題: [問卦] 一場盃賽 台灣要連續輸日本3次？,時間: Sat Nov 23 20:32:08 2024
推: 6,噓: 2,分數: 4,作者: airua (卡特蘭),標題: [問卦] 四強賽的亞軍打4場只贏1場？,時間: Sat Nov 23 23:16:07 2024
推: 0,噓: 0,分數: 0,作者: rageshone (GGin),標題: [問卦] 棒球跟寧願違反勞基法罰錢一樣意思？,時間: Sun Nov 24 08:26:35 2024
推: 11,噓: 5,分數: 6,作者: lifesg (無價之寶),標題: [問卦] 王淨是現在新生代女演員的領頭羊嗎?,時間: Sat Nov 23 23:59:33 2024
推: 3,噓: 0,分數: 3,作者: nbarepeat (nbarepeat),標題: [問卦] AI機器人會覺得被霸凌嗎,時間: Sat Nov 23 20:00:13 2024
推: 23,噓: 1,分數: 22,作者: WangW (廢文Wang),標題: [問卦] 會給兒女騎機車嗎？,時間: Sat Nov 23 22:28:35 2024
推: 2,噓: 1,分數: 1,作者: todao (心裡有數),標題: Re: [問卦] 7-11最好吃的微波食品是啥,時間: Sun Nov 24 00:33:28 2024
推: 9,噓: 2,分數: 7,作者: vincentsoon (羅漢果),標題: [問卦] 可接受跟狗共用盤子&菜瓜布嗎？,時間: Sat Nov 23 21:54:31 2024
推: 5,噓: 2,分數: 3,作者: IQ180 (P幣可以吃嗎??),標題: [問卦] 台灣棒球變強，是不是球迷霸凌出來的,時間: Sat Nov 23 20:56:22 2024
推: 0,噓: 0,分數: 0,作者: Qorqios (憑曆終續☠愚業撫結☠),標題: [問卦] 板橋人開始耶誕恐懼了嗎？,時間: Sat Nov 23 21:46:38 2024
推: 27,噓: 1,分數: 26,作者: lpbrother (LP哥(LP = Love & Peace)),標題: [問卦] 為啥清大交大堅持不合併？,時間: Sun Nov 24 08:14:01 2024
推: 1,噓: 0,分數: 1,作者: ai770116 (東方的神秘力量),標題: [問卦] WBC給館長承辦會怎麼排地主賽程？,時間: Sat Nov 23 20:50:42 2024
推: 5,噓: 1,分數: 4,作者: chubby31190 (優文專家),標題: [問卦] 中國人會幫中華台北加油嗎☺,時間: Sat Nov 23 22:27:26 2024
推: 4,噓: 2,分數: 2,作者: starcookey (星星餅乾出品，避暑佳作),標題: [問卦] 影后裡面最愛哪個角色？,時間: Sat Nov 23 23:44:05 2024
推: 14,噓: 1,分數: 13,作者: huan0 (A5),標題: [問卦] 冠軍戰重壓中華是可以的嗎,時間: Sat Nov 23 21:47:22 2024
推: 0,噓: 0,分數: 0,作者: wvookevp (ushiromiya),標題: [問卦] 今天東京巨蛋圖書館要開張了,時間: Sun Nov 24 10:09:12 2024
推: 31,噓: 0,分數: 31,作者: monnom (桂),標題: [新聞] 人口暴增衝擊就業、住房 加拿大限制新移,時間: Sun Nov 24 01:10:03 2024
推: 0,噓: 0,分數: 0,作者: naligono (那尼),標題: [問卦] 禮拜一要來嗆日本廠商了 爽,時間: Sat Nov 23 21:46:55 2024
推: 2,噓: 0,分數: 2,"作者: aitt (非主流,有何不可(M))",標題: [問卦] 尚凡股價為何可以破300? 員工一堆開賓士?,時間: Sun Nov 24 00:48:34 2024
推: 1,噓: 0,分數: 1,作者: swommy (鮪魚),標題: [問卦] 以後沒魚可以吃怎麼辦,時間: Sat Nov 23 22:27:56 2024
推: 10,噓: 0,分數: 10,作者: FA88124 (超弩級☆肥宅),標題: [問卦] 非二元性別到底是啥意思？,時間: Sat Nov 23 23:42:39 2024
推: 9,噓: 7,分數: 2,作者: slovea (LukeSkyFucker),標題: Re: [問卦] 沒人發現台灣這一代小孩從小就沒人顧嗎！,時間: Sun Nov 24 06:40:08 2024
推: 5,噓: 1,分數: 4,作者: geniustu (偷天才子),標題: [問卦] 郝劭文童星時期是不是屌打現在金馬新人,時間: Sat Nov 23 22:31:16 2024
推: 0,噓: 0,分數: 0,作者: zzzzzzzzzzzy (壞兒瓦西里),標題: Re: [問卦] 日本人真的不會鑽漏洞嗎？,時間: Sun Nov 24 09:30:34 2024
推: 3,噓: 1,分數: 2,作者: myloso (討厭囉嗦),標題: [問卦] 為什麼這次霸凌事件政府沒有再創新名詞,時間: Sat Nov 23 22:27:32 2024
推: 15,噓: 59,分數: -44,作者: poeta (鍵盤詩人),標題: [新聞] 面試問「7加5等於多少」 回答12全被淘汰,時間: Sat Nov 23 19:58:18 2024
推: 4,噓: 0,分數: 4,作者: peterlin495 (專業果粉O'_'O),標題: [問卦] 這樣養車真的很貴嗎？,時間: Sat Nov 23 21:52:58 2024
推: 0,噓: 1,分數: -1,作者: ggsk2 (王文輝),標題: [問卦] 日本會抗議連續用泰國跟阿根廷洋將嗎？,時間: Sat Nov 23 20:27:55 2024
推: 3,噓: 0,分數: 3,作者: amoyui (clom),標題: [問卦] 東亞經濟圈可以跟北美西歐同level？,時間: Sun Nov 24 00:48:03 2024
推: 0,噓: 0,分數: 0,作者: arnold3 (憂鬱型男阿雲),標題: [問卦] 到底是美國還是日本才是最強的機械硬碟國,時間: Sat Nov 23 20:21:06 2024
推: 26,噓: 3,分數: 23,作者: ptt987654321 (大谷躺平),標題: [問卦] 爸:別做就好了 我:我離職你就不是這樣說,時間: Sat Nov 23 21:17:31 2024
推: 0,噓: 0,分數: 0,作者: vovzz (隨心所欲),標題: [問卦] 老頭彈鋼琴都滿好聽的八卦？,時間: Sun Nov 24 02:12:08 2024
推: 5,噓: 0,分數: 5,作者: may88011 (台中楊伊湄),標題: [問卦] 韓國雖敗猶榮？,時間: Sat Nov 23 21:38:26 2024
推: 0,噓: 0,分數: 0,作者: johnny9667 (大八),標題: [問卦] 麥味登學麥當勞賣鬆餅堡喔!?,時間: Sun Nov 24 08:38:27 2024
推: 2,噓: 0,分數: 2,作者: hateOnas (如果我這次猜拳猜輸了),標題: [問卦] 戶外場應援的喇叭很爛 是我的位置太邊緣?,時間: Sat Nov 23 21:56:57 2024
推: 10,噓: 0,分數: 10,作者: pyCassandra (Q口Q),標題: [問卦] 自提多少勞退，公司補助就多少，你各位怎,時間: Sat Nov 23 21:45:48 2024
推: 6,噓: 9,分數: -3,作者: johnny9667 (大八),標題: [問卦] 會有人天真以為台灣會贏日本奪冠嗎？,時間: Sun Nov 24 06:03:04 2024
推: 4,噓: 1,分數: 3,作者: k44754 (神仙索就此失傳了),標題: [問卦] 決戰，應該一堆人都買日本隊贏吧？,時間: Sun Nov 24 00:40:19 2024
推: 20,噓: 0,分數: 20,作者: Aerisleu (aa),標題: [協尋] 11/8 22點多台北市汀州路三段行車紀錄,時間: Thu Nov 14 00:20:20 2024
推: 3,噓: 0,分數: 3,作者: words2012 (づ′・ω・),標題: [問卦] 鄭又菲是誰?,時間: Sun Nov 24 04:35:13 2024
推: 20,噓: 1,分數: 19,作者: christopherl (Crystal~++),標題: [問卦] 上天堂給你72個未婚處女主管,時間: Sun Nov 24 01:30:57 2024
推: 4,噓: 1,分數: 3,作者: CHB1980 (阿彬),標題: [問卦] 皇馬最強陣容是2004還是2015?,時間: Sat Nov 23 20:21:33 2024
推: 0,噓: 0,分數: 0,作者: HisVol (他的體積),標題: [問卦] 大家可以體諒資方違反勞基法了吧？,時間: Sun Nov 24 09:09:45 2024
推: 31,噓: 6,分數: 25,作者: DAGG5566 (滾蛋拉),標題: [問卦] 棒球迷跟籃球迷 有什麼不一樣的地方,時間: Sat Nov 23 22:17:08 2024
推: 3,噓: 0,分數: 3,作者: MoreLight (大文),標題: [問卦] 在果敢邦可以直接用華語與人民幣？,時間: Sat Nov 23 21:11:40 2024
推: 3,噓: 0,分數: 3,作者: elec1141 (木村拓哉),標題: [問卦] 台北哪間夜店最紅？,時間: Sat Nov 23 22:53:13 2024
推: 16,噓: 1,分數: 15,作者: a6000200 (aa),標題: [新聞] 強拉醉倒業務「跳錶漫遊」　運將被,時間: Sun Nov 24 00:07:37 2024
推: 65,噓: 21,分數: 44,作者: laidos (道士),標題: [問卦] 金馬獎都沒人看只看棒球，怎麼辦？,時間: Sat Nov 23 20:29:37 2024
推: 9,噓: 1,分數: 8,作者: onetiger (ONETIGER),標題: [問卦] 京華城24小時營業也太厲害了吧,時間: Sat Nov 23 20:53:29 2024
推: 0,噓: 0,分數: 0,作者: livingend (livingend),標題: [問卦] 美國最危險的人物是警察吧？,時間: Sun Nov 24 10:07:15 2024
推: 4,噓: 2,分數: 2,作者: ydpoland (荒野一粒沙),標題: [問卦] 明天大敗日本會被說勝之不武嗎,時間: Sat Nov 23 23:20:38 2024
推: 3,噓: 2,分數: 1,作者: w510048 (黨的恩情比山高),標題: [問卦] 一般來說計程車司機對國中女生沒興趣吧?,時間: Sat Nov 23 20:48:09 2024
推: 7,噓: 0,分數: 7,作者: cabon (低語森林悄悄寧靜),"標題: Re: [問卦] 東京巨蛋飯店,除了招待球員外誰會去住?",時間: Sun Nov 24 02:02:40 2024
推: 26,噓: 3,分數: 23,作者: like3100 (荔枝),標題: [問卦] 現在7:5了,時間: Sat Nov 23 20:30:18 2024
推: 4,噓: 0,分數: 4,作者: GKKR (大肥宅油膩膩),標題: [問卦] 宵夜吃甚麼比較好？,時間: Sat Nov 23 23:49:56 2024
推: 11,噓: 1,分數: 10,作者: JHENGKUNLIN (JHENGKUNLIN),標題: [新聞]12強賽／冠軍賽不能輸台灣！日本外野手,時間: Sun Nov 24 05:55:51 2024
推: 1,噓: 3,分數: -2,作者: ggian123 (釣白癡&散播仇恨專用帳),標題: Re: [問卦] 日本人是不是無法接受換投罰錢的行為？,時間: Sun Nov 24 07:45:22 2024
推: 0,噓: 0,分數: 0,作者: smallplug (廢到笑),標題: [問卦] 鍋貼和煎餃有什麼不一樣？,時間: Sat Nov 23 21:53:33 2024
推: 1,噓: 0,分數: 1,作者: aabbcc520 (U質文),標題: Re: [問卦] 麥當當還是很多人啊,時間: Sun Nov 24 07:27:29 2024
推: 0,噓: 0,分數: 0,作者: nbarepeat (nbarepeat),標題: [問卦] 利智當年很頂？,時間: Sun Nov 24 09:14:20 2024
推: 0,噓: 0,分數: 0,作者: zzyyxx77 (討噓大師77),標題: [新聞] 今晚爭冠軍！台灣隊為什麼這強？他揭原,時間: Sun Nov 24 09:08:09 2024
推: 2,噓: 3,分數: -1,作者: sunbysea (忠言逆耳良藥苦口),標題: [新聞] 高校頻爆血案 知情者：中共高壓監控失靈,時間: Sat Nov 23 19:57:06 2024
推: 3,噓: 0,分數: 3,作者: jcjczx (),標題: Re: [問卦] 日本有巫女，西方有修女，台灣有...？,時間: Sat Nov 23 23:07:08 2024
推: 6,噓: 3,分數: 3,作者: lb01833364 (木魚),標題: [問卦] 中華隊打完了 大家可以一起來看金馬了吧,時間: Sat Nov 23 21:37:40 2024
推: 11,噓: 0,分數: 11,作者: richfancy (),標題: [問卦] 日本真的在乎你換投嗎？,時間: Sat Nov 23 23:09:02 2024
推: 1,噓: 0,分數: 1,作者: Articuno (水噹噹),標題: [新聞] 組圖：2025洛杉磯國際車展 有哪些新車亮相,時間: Sat Nov 23 23:04:48 2024
推: 13,噓: 0,分數: 13,作者: puncher (牧童),標題: [問卦] 工程師的頒獎典禮 要叫什麼名字？,時間: Sun Nov 24 00:50:58 2024
推: 0,噓: 0,分數: 0,作者: ps124125288 (ptt),標題: Re: [問卦] 日本要求我們照他們的潛規則 是不是在霸,時間: Sun Nov 24 09:18:09 2024
推: 0,噓: 0,分數: 0,作者: songgood (ilovegoodgame),標題: [問卦] 翼龍馬斯克,時間: Sun Nov 24 10:03:05 2024
推: 1,噓: 0,分數: 1,作者: luciferii (路西瓜),標題: Re: [爆卦] ［反歧視］日本律師霸凌李琴峰,時間: Sun Nov 24 08:01:52 2024
推: 71,噓: 6,分數: 65,作者: qazxc1156892 (QQ),標題: [新聞] 17歲高職生「無照雙載」車禍雙亡！騎士下,時間: Sat Nov 23 20:12:31 2024
推: 3,噓: 1,分數: 2,作者: HTC92 (中国台湾人的驕傲-92共識),標題: [問卦] tEAM 中華台北  今天是不是雖敗猶榮？,時間: Sat Nov 23 21:58:41 2024
推: 4,噓: 0,分數: 4,作者: kingfsg7326 (認 同 請 按 2 ),標題: [問卦] 哈利波特怎沒有重拍啊？,時間: Sat Nov 23 20:10:02 2024
推: 15,噓: 3,分數: 12,作者: puncher (牧童),標題: [問卦] 島內自嗨金馬獎 怎麼一堆中國片得獎？,時間: Sun Nov 24 00:35:08 2024
推: 7,噓: 1,分數: 6,作者: linda17a3 (),標題: [問卦] 請問現在重讀高中國文、英文來得及嗎？,時間: Sun Nov 24 00:33:55 2024
推: 4,噓: 0,分數: 4,作者: Panasonic (ideas for life),標題: [問卦] 嚴厲女主管的腦公是否都壓力山大00,時間: Sun Nov 24 07:35:33 2024
推: 22,噓: 3,分數: 19,作者: a6000200 (aa),標題: [問卦] 銀行借人錢不怕人生病或車禍喔？,時間: Sat Nov 23 20:37:11 2024
推: 35,噓: 2,分數: 33,作者: hass231470 (),標題: [問卦] 央行敢把房價納入CPI嗎？,時間: Sun Nov 24 07:44:10 2024
推: 0,噓: 0,分數: 0,作者: lonzoball02 (東南亞廢文肥宅),標題: [問卦] 香蕉的英文怎麼唸？,時間: Sun Nov 24 09:27:03 2024
推: 5,噓: 1,分數: 4,作者: f230072828 (汝被閹之),標題: [新聞] 花蓮也有變態警!闖女廁偷拍女警如廁,時間: Sat Nov 23 22:59:42 2024
推: 1,噓: 0,分數: 1,作者: ak47good (陳鳥仁),標題: Re: [問卦] 棒球迷跟籃球迷 有什麼不一樣的地方,時間: Sat Nov 23 23:15:40 2024
推: 0,噓: 0,分數: 0,作者: vestal (小狗汪汪叫~),標題: [新聞] 糗了！綠議員挺中華隊竟看大陸盜版直播 ,時間: Sun Nov 24 08:35:17 2024
推: 4,噓: 3,分數: 1,作者: LMHK (No one sleep in Tokyo),標題: [問卦] 中華隊打的贏道奇隊嗎？,時間: Sun Nov 24 07:38:48 2024
推: 121,噓: 6,分數: 115,作者: H2 (超級噴火龍X),標題: Re: [新聞] 林淑芬爆許銘春拿公帑開個人演唱會 要公務員扮粉絲開手,時間: Sat Nov 23 21:04:14 2024
推: 1,噓: 5,分數: -4,作者: wusbetz (台灣心吉娃情),標題: [問卦] 拉布拉多這次國際賽能打到四強的原因?,時間: Sat Nov 23 22:10:01 2024
推: 3,噓: 0,分數: 3,作者: qq326 (BEU-6027),標題: [問卦] 找一個字代替,時間: Sat Nov 23 22:45:05 2024
推: 61,噓: 9,分數: 52,作者: KLGlikeshit (快樂雞好食),標題: 台灣隊全壘打！！！6:9暫時落後日本！！！,時間: Sat Nov 23 21:23:35 2024
推: 6,噓: 2,分數: 4,作者: EVEA ( 民主! ~ LINE! ~ 功德 !),標題: [問卦] 中華隊看南京大屠殺 有機會打贏日本嗎?,時間: Sat Nov 23 23:07:42 2024
推: 39,噓: 1,分數: 38,作者: noah5566 (noah5566),標題: [問卦] 7-11最好吃的微波食品是啥,時間: Sat Nov 23 23:44:27 2024
推: 14,噓: 1,分數: 13,作者: yimoe (小志),標題: [新聞] 少年無照騎車載友慘摔！水泥預拌車閃不及,時間: Sun Nov 24 00:16:44 2024
推: 4,噓: 0,分數: 4,作者: HDSM (Love Not Change  O'_'O),標題: [問卦] 小動作 在妳面前變得笨拙,時間: Sun Nov 24 00:50:49 2024
推: 5,噓: 3,分數: 2,作者: o02852six (零零二八五二six),標題: [問卦] 在台北這麼晚了 回家該打車還是搭公交阿,時間: Sat Nov 23 22:35:47 2024
推: 0,噓: 0,分數: 0,作者: laptic (靜夜聖林彼岸花),標題: Re: [問卦] 央行敢把房價納入CPI嗎？,時間: Sun Nov 24 08:25:51 2024
推: 0,噓: 0,分數: 0,作者: HisVol (他的體積),標題: [問卦] 日本人真的不會鑽漏洞嗎？,時間: Sun Nov 24 08:58:41 2024
推: 70,噓: 4,分數: 66,作者: super5566go (中共同路人+1),標題: [問卦] 辰己涼介:明天冠軍戰輸了我就轉投手,時間: Sat Nov 23 22:39:37 2024
推: 6,噓: 1,分數: 5,作者: pp5434 (),標題: [問卦] 林立的應援曲是誰想的阿,時間: Sun Nov 24 01:44:01 2024
推: 0,噓: 0,分數: 0,作者: saiulbb (#KEEP MLB GREAT!),標題: [問卦] SHAKE SHAKE漢堡真有這麼好吃嗎？,時間: Sun Nov 24 09:09:04 2024
推: 40,噓: 0,分數: 40,作者: kingfsg7326 (認 同 請 按 2 ),標題: [問卦] 印度人真的很臭嗎？連白人都覺得臭,時間: Sat Nov 23 20:29:33 2024
推: 0,噓: 0,分數: 0,作者: timmy999 (憤怒a小妹),標題: [問卦] 矮子練腿更顯矮吧？,時間: Sun Nov 24 08:59:24 2024
推: 9,噓: 3,分數: 6,作者: faye52520 (甜姐),標題: [問卦] 彩虹一年遊行那麼多次，是不會穿衣服嗎？,時間: Sun Nov 24 06:57:36 2024
推: 188,噓: 14,分數: 174,作者: y7zj3 (tokyo),標題: [問卦] 高雄火車站也蓋太久了吧？？？,時間: Sat Nov 23 20:49:18 2024
推: 7,噓: 1,分數: 6,作者: muse87131 (),標題: [問卦] 愛講「不死鹹」的人484不懂烹飪？,時間: Sun Nov 24 07:57:37 2024
推: 9,噓: 1,分數: 8,作者: b8103033 (b8103033),標題: [新聞] 臭..搭北捷脫鞋還脫襪　控乘客騷擾學生,時間: Sat Nov 23 21:19:36 2024
推: 6,噓: 1,分數: 5,作者: InvincibleK (我是無敵的K),標題: [問卦] 鍋貼已經開吃了會不會太早?,時間: Sat Nov 23 21:16:50 2024
推: 21,噓: 14,分數: 7,作者: bUnUd (~ 妖尼姑!!妖尼姑! ~),標題: [新聞] 黃安慘了！不繳健保費「無法爽用,時間: Sat Nov 23 23:56:37 2024
推: 0,噓: 0,分數: 0,作者: inmee (J),標題: [問卦] 日本隊看到包手的台灣隊在想什麼?,時間: Sun Nov 24 08:56:58 2024
推: 4,噓: 7,分數: -3,作者: sleeeve (赴美留學的日子...),標題: [問卦] 台灣日本不愧是世界前二,時間: Sat Nov 23 20:26:32 2024
推: 15,噓: 5,分數: 10,作者: whiteadam (blue eyes blue),標題: [問卦] MP魔幻力量算是天團嗎,時間: Sun Nov 24 01:49:10 2024
推: 37,噓: 29,分數: 8,作者: sukiyasuica (suica),標題: [新聞] 林襄現身台日戰引日媒關注：世界級美女,時間: Sat Nov 23 21:00:28 2024
推: 3,噓: 1,分數: 2,作者: kuso2005 (一時想不到),標題: [問卦] 剛剛少棒24:0泰國,時間: Sat Nov 23 23:45:04 2024
推: 63,噓: 15,分數: 48,作者: tanted (為何世界會那麼不單純),標題: [新聞] 赴緬追愛淪詐團？靜宜女大生獄中挺孕肚…編號掛脖！1原因將,時間: Sat Nov 23 21:27:14 2024
推: 11,噓: 0,分數: 11,作者: Recoverism (雲中君),標題: [問卦] 張芸京變不紅是因為留長頭髮嗎？,時間: Sun Nov 24 01:41:04 2024
推: 4,噓: 4,分數: 0,作者: JHGF2468A (Joker),標題: [問卦] 少繳一塊信用卡費 一直不繳會怎樣,時間: Sat Nov 23 23:09:29 2024
推: 25,噓: 0,分數: 25,作者: chadmu (噓之收集者查德姆),標題: [新聞] 講座大螢幕突現「二次元不雅照」！成都理,時間: Sat Nov 23 23:42:11 2024
推: 1,噓: 0,分數: 1,作者: pp5434 (),標題: [問卦] 我學會飛翔是不是值得重剪,時間: Sun Nov 24 00:05:00 2024
推: 9,噓: 1,分數: 8,作者: med5566 (美德5566),標題: [問卦] 當年興農牛全本土投手群多強有八卦嗎,時間: Sat Nov 23 21:06:46 2024
推: 2,噓: 0,分數: 2,作者: bota (llll),標題: [問卦] 所以台灣人還是跟大陸人比較像(換投)???,時間: Sun Nov 24 07:35:54 2024
推: 0,噓: 0,分數: 0,作者: jis0077 (一個人的輕旅行),標題: [新聞] 謝宜容態度強硬 律師揭強大靠山：處分一,時間: Sun Nov 24 09:59:25 2024
推: 2,噓: 1,分數: 1,作者: CenaC (王葛格加油!!),標題: [問卦] 台灣球迷如果愛上高爾夫 也會帶樂器應援,時間: Sat Nov 23 22:23:42 2024
推: 14,噓: 5,分數: 9,作者: er2324 (er2324),標題: [問卦] 每個人挺中華隊挺得震天響，可是棒球版卻,時間: Sat Nov 23 22:12:51 2024
推: 44,噓: 6,分數: 38,作者: WeiU (台大IU),標題: [問卦] 存款10萬，明天all in中華隊贏會變多少,時間: Sat Nov 23 21:53:52 2024
推: 6,噓: 0,分數: 6,作者: sufferlove (天然呆),標題: Re: [問卦] 佛教說 過午不食是正確的嗎,時間: Sun Nov 24 03:03:03 2024
推: 20,噓: 14,分數: 6,作者: f51 (新竹小惠),標題: [問卦] 為什麼覺得台灣隊聽起來弱弱的感覺??,時間: Sun Nov 24 01:58:27 2024
推: 10,噓: 2,分數: 8,作者: a516013 (天天天天天),標題: [問卦] 為啥沒聽人說過 好想贏日本？,時間: Sat Nov 23 21:17:18 2024
推: 4,噓: 0,分數: 4,作者: inmee (J),標題: [問卦] 美債能買嗎?,時間: Sat Nov 23 23:53:25 2024
推: 1,噓: 0,分數: 1,作者: pupudice (光頭葛格 in 瘋神歌舞團),標題: [問卦] 看比賽轉播跟漫畫/卡通誰比較精彩 ? ?,時間: Sat Nov 23 20:21:00 2024
推: 40,噓: 0,分數: 40,作者: d9070016 (唉唷),標題: [問卦] 無人機海戰術　真的會出現嗎？,時間: Sat Nov 23 22:22:34 2024
推: 0,噓: 0,分數: 0,作者: loveyou9527 (小弟),標題: [問卦] 台灣發展無人機是不是已經來不及了？,時間: Sun Nov 24 09:10:36 2024
推: 46,噓: 3,分數: 43,作者: gainsborough (風塵),標題: [問卦] 謝宜容是不是已經安全下樁了？,時間: Sat Nov 23 22:12:00 2024
推: 17,噓: 3,分數: 14,作者: eric12 (Eric),標題: [新聞] 謝宜容終於露面 李宇翔曝光北分署同仁反,時間: Sat Nov 23 22:27:34 2024
推: 11,噓: 0,分數: 11,作者: whiteadam (blue eyes blue),標題: [問卦] hebe有哪些經典歌曲?,時間: Sun Nov 24 01:08:12 2024
推: 0,噓: 0,分數: 0,作者: k26975582 (點點kino),標題: [問卦] 大家有看黑素斯拍的愛台灣影片嗎？,時間: Sat Nov 23 20:56:21 2024
推: 0,噓: 0,分數: 0,作者: A98454 ( 阿肥是肥宅的肥),標題: Re: [問卦] 〓.〓 現在股市還有什麼傳奇故事？,時間: Sun Nov 24 10:12:02 2024
推: 9,噓: 2,分數: 7,作者: arch20161219 (肥冷淬),標題: [問卦] Cadillac凱迪拉克為何沒被89弄臭？,時間: Sat Nov 23 23:34:45 2024
推: 4,噓: 0,分數: 4,作者: postpost (巴洛克),標題: [問卦] 感冒胃口會改變嗎？,時間: Sat Nov 23 21:30:47 2024
推: 8,噓: 11,分數: -3,作者: wusbetz (台灣心吉娃情),標題: [問卦] 這次中華隊的亞軍，水分是不是很高?,時間: Sat Nov 23 21:43:19 2024
推: 9,噓: 3,分數: 6,作者: ai770116 (東方的神秘力量),標題: [問卦] 台灣沒虧待過中國吧,時間: Sat Nov 23 22:14:05 2024
推: 3,噓: 0,分數: 3,作者: arch20161219 (肥冷淬),標題: [問卦] l'm lovin'it是麥當勞廣告的巔峰嗎？,時間: Sat Nov 23 22:18:22 2024
推: 5,噓: 1,分數: 4,作者: a202775 (),標題: [問卦] 菜市場的豆腐水 大廠牌豆漿 選誰,時間: Sat Nov 23 21:12:55 2024
推: 0,噓: 0,分數: 0,作者: Eddielin (),標題: [問卦] 妹子看到統神和蹦闆會愛上哪一個,時間: Sun Nov 24 09:48:18 2024
推: 0,噓: 0,分數: 0,作者: sulanpa (...),標題: [問卦] 難怪大谷跟山本不敢參加12強,時間: Sun Nov 24 08:58:07 2024
推: 0,噓: 1,分數: -1,作者: jcjczx (),標題: Re: [問卦] 鹹豆漿好喝的點是什麼？？？,時間: Sat Nov 23 21:18:16 2024
推: 2,噓: 6,分數: -4,作者: jeffguoft (見習生_O7),標題: [問卦] 今天打擊小日本，大家準備好了嗎？,時間: Sun Nov 24 07:04:02 2024
推: 4,噓: 0,分數: 4,作者: CenaC (王葛格加油!!),標題: [問卦] 林岳平講話速度是有多快？,時間: Sat Nov 23 20:09:07 2024
推: 10,噓: 20,分數: -10,作者: assassinASHE (幹古專用帳號),標題: [問卦] 只有我覺得謝宜容被亂黑嗎??,時間: Sat Nov 23 22:08:54 2024
推: 3,噓: 0,分數: 3,作者: gyGirl (妹),標題: Re: [問卦] 星巴克用外帶杯，真的不能內用嗎？,時間: Sat Nov 23 21:24:18 2024
推: 22,噓: 22,分數: 0,作者: iam168888888 (射精),標題: [新聞] 朱亞虎認罪成致命一擊？律師預言柯文哲,時間: Sun Nov 24 05:23:57 2024
推: 0,噓: 0,分數: 0,作者: naligono (那尼),標題: [問卦] 阿就罰錢了還想怎樣啦？,時間: Sun Nov 24 09:07:46 2024
推: 0,噓: 0,分數: 0,作者: JamesSoong (Nick Chubb!!),標題: [新聞] 吳崢稱搶救王義川成功 藍白齊轟冷血 喪事,時間: Sun Nov 24 08:18:27 2024
推: 11,噓: 5,分數: 6,作者: wtf556687 (超過一百分),標題: [問卦] 12強賽是不是二三軍之戰？,時間: Sat Nov 23 20:28:25 2024
推: 5,噓: 1,分數: 4,作者: wugucc029 (五股CC),標題: [問卦] 日本武士 美國牛仔 台灣詐騙犯？,時間: Sun Nov 24 01:27:08 2024
推: 1,噓: 0,分數: 1,作者: GA389434 (GA389434),標題: [問卦] 明天要決戰天王山該準備什麼,時間: Sat Nov 23 23:29:19 2024
推: 0,噓: 0,分數: 0,作者: peacemetta (一期一會),標題: [問卦] 認真問，2006王建民壓制得了這次日本嗎,時間: Sun Nov 24 10:11:04 2024
推: 0,噓: 0,分數: 0,作者: xzcb2008 (可愛老娘變態貓貓=.=),標題: [問卦] 〓.〓 現在股市還有什麼傳奇故事？,時間: Sun Nov 24 09:35:57 2024
推: 40,噓: 11,分數: 29,作者: keane9112 (拎北逮頑郎 拎北反支那啦),標題: [問卦] 開口閉口稱日本為 小日本 的都是什麼人?,時間: Sat Nov 23 23:35:47 2024
推: 140,噓: 32,分數: 108,作者: ffreakk (),標題: [新聞] 許銘春遭指拿公帑開個人演唱會！畫面曝,時間: Sat Nov 23 22:39:03 2024
推: 0,噓: 0,分數: 0,作者: MJdavid (膽固醇歐吉桑),標題: [新聞] 12強》電競棒球也是台日爭霸！鈴木一朗開,時間: Sun Nov 24 09:12:11 2024
推: 203,噓: 147,分數: 56,作者: Max0406 (LeGOATKingJames),標題: [問卦] pan piano 變成這樣 真的覺得可悲 ,時間: Sun Nov 24 00:16:36 2024
推: 75,噓: 11,分數: 64,作者: notimenofree (裝忙真的這麼爛還怕人說6),標題: [問卦] 禁止檢討改進台灣缺點的是哪群人,時間: Sat Nov 23 20:00:54 2024
推: 0,噓: 0,分數: 0,作者: monniea (Steve),標題: [問卦] 肥宅跟妹子聊12強能夠聊多久,時間: Sun Nov 24 08:51:57 2024
推: 5,噓: 0,分數: 5,作者: Induction (愛人愛己),標題: Re: [問卦] 有沒有GASO 組織 陳法逍 Sammy 的卦,時間: Sun Nov 24 07:00:40 2024
推: 4,噓: 0,分數: 4,作者: skn60694 (入聲),標題: Re: [問卦] 老師說從小好好念書以後....都騙人的?,時間: Sat Nov 23 20:05:54 2024
推: 4,噓: 1,分數: 3,作者: tools (tools),標題: [問卦] 死亡擱淺是徹底的過譽吧?,時間: Sun Nov 24 00:30:13 2024
推: 5,噓: 0,分數: 5,作者: hey0415 (hey),標題: [問卦] 得冠軍放假？,時間: Sat Nov 23 21:29:23 2024
推: 0,噓: 0,分數: 0,作者: pp5434 (),標題: Re: [問卦] 12強賽是不是二三軍之戰？,時間: Sat Nov 23 23:34:19 2024
推: 113,噓: 28,分數: 85,作者: novashine (立一支涼扇),標題: [新聞] 綠議員「看中國盜版直播」挺中華隊　遭,時間: Sun Nov 24 07:31:18 2024
推: 0,噓: 0,分數: 0,作者: lwt501cx (爆裂魔法Explosion！！),標題: [新聞] 不只白蝦出口崩「香蕉、咖啡也超慘」 宏,時間: Sun Nov 24 10:08:00 2024
推: 13,噓: 0,分數: 13,作者: cycutom (cycutom真的不出門的那漳),標題: [問卦] 襪子這東西也有分男生或女生？= =,時間: Sun Nov 24 00:57:57 2024
推: 0,噓: 0,分數: 0,作者: cycutom (cycutom真的不出門的那漳),標題: [問卦] 所以防狼噴霧，有沒有用啊？= =,時間: Sun Nov 24 10:15:31 2024
推: 18,噓: 0,分數: 18,作者: August2006 (好康 救台灣③下架民進党),標題: Re: [新聞] 謝宜容道歉片「拍給法官看的」！片尾藏1,時間: Sat Nov 23 21:13:11 2024
推: 5,噓: 2,分數: 3,作者: lycs0908 (岳岳),標題: [問卦] 無關晉級的比賽需要打成這樣嗎,時間: Sat Nov 23 20:42:18 2024
推: 0,噓: 0,分數: 0,作者: fixer (修理工),標題: [問卦] 新聞可以不要再報吳靜怡了嗎?,時間: Sun Nov 24 09:11:09 2024
推: 4,噓: 6,分數: -2,作者: felixden (Gura的老公),標題: [問卦] 鄰居妹妹送的宵夜該收下嗎〓〓？,時間: Sat Nov 23 21:45:07 2024
推: 14,噓: 0,分數: 14,作者: Pittsburgh (Pittsburgh),標題: [問卦] 高雄車站是想掩蓋什麼,時間: Sun Nov 24 01:26:26 2024
推: 11,噓: 2,分數: 9,作者: ak47good (陳鳥仁),標題: [問卦] 這次日本才是12強賽中最強的隊伍,時間: Sun Nov 24 07:54:11 2024
推: 17,噓: 6,分數: 11,作者: nobody0303 (),標題: [問卦] 沒人發現台灣這一代小孩從小就沒人顧嗎！,時間: Sun Nov 24 02:19:58 2024
推: 0,噓: 0,分數: 0,作者: kinve1014 (黑松可樂),標題: [問卦] 義美豆奶漲20%了？,時間: Sun Nov 24 10:07:47 2024
